index;filename;duration;tracks;sustain
1;"./FILMS/My-Heart-Will-Go-On-(From-'Titanic')-piano.mid";4;2;331
2;"./ENESCU GEORGE/Suite Op. 10.mid";23;2;22449
3;"./BRAMS JOHANNES/Sonata No. 1 in C Major, Op. 1.mid";26;2;21192
4;"./BRAMS JOHANNES/Sonata Op. 5.mid";33;2;30344
5;"./BRAMS JOHANNES/Paganini Variations, Op. 35 Book II.mid";11;2;10886
6;"./BRAMS JOHANNES/Sonata No. 3 in F Minor, Op. 5.mid";33;2;22805
7;"./BRAMS JOHANNES/Waltz No.2.mid";1;1;28
8;"./BRAMS JOHANNES/Sonata in F Minor, Op. 5.mid";11;2;5330
9;"./BRAMS JOHANNES/Waltz No.4.mid";1;1;35
10;"./BRAMS JOHANNES/Variations on a Theme by Paganini, Op. 35, Book II.mid";11;2;5349
11;"./BRAMS JOHANNES/Sonata No. 1.mid";28;2;22097
12;"./BRAMS JOHANNES/Intermezzo Op. 118 No. 6 in E-flat Minor.mid";5;2;6051
13;"./BRAMS JOHANNES/Intermezzos Op. 119.mid";14;2;16712
14;"./BRAMS JOHANNES/Fantasien Op.116.mid";23;2;19501
15;"./BRAMS JOHANNES/Waltz No.9.mid";2;1;908
16;"./BRAMS JOHANNES/Rhapsody Op. 79 No. 1 in B minor.mid";9;2;7647
17;"./BRAMS JOHANNES/Paganini Variations, Op. 35 Books I and II.mid";21;2;24228
18;"./BRAMS JOHANNES/Fantasies, Op. 116 No. 7 (Complete).mid";21;2;9952
19;"./BRAMS JOHANNES/Variations on a theme by Paganini (Books I & II).mid";24;2;15585
20;"./BRAMS JOHANNES/Paganini Variations, Op. 35 Book 2.mid";10;2;4103
21;"./BRAMS JOHANNES/16 Waltzes, Op. 39.mid";18;2;15491
22;"./BRAMS JOHANNES/Rhapsody in G Major (183).mid";5;1;535
23;"./BRAMS JOHANNES/Fantasias Op. 116 (Selections).mid";16;2;9491
24;"./BRAMS JOHANNES/Variations on a Theme by Paganini, Op. 35, Volumes 1 & 2.mid";25;2;23482
25;"./BRAMS JOHANNES/Variations and Fugue on the theme of Handel, Op. 24.mid";26;2;27395
26;"./BRAMS JOHANNES/Variations and Fugue on the Theme of Händel, Op. 24.mid";25;2;21444
27;"./BRAMS JOHANNES/Six Pieces for Piano, Op. 118.mid";22;2;12252
28;"./BRAMS JOHANNES/Sonata 2 F-sharp Minor, Op. 2.mid";24;2;28364
29;"./BRAMS JOHANNES/Variations on a Theme by Paganini, Op. 35 Book II.mid";11;2;8751
30;"./RAVEL MAURICE/Pavane pour une infante defunte.mid";6;1;387
31;"./RAVEL MAURICE/Miroirs-La Vallee des Cloches. Tres lent.mid";6;1;67
32;"./RAVEL MAURICE/Histoires Naturelles, No.1 Le Paon.mid";4;3;538
33;"./RAVEL MAURICE/A la manière de Chabrier M.63-2.mid";2;2;185
34;"./MUSSORGSKY MODEST/Pictures at an E.mid";34;2;29592
35;"./MUSSORGSKY MODEST/Pictures at an Exhibition.mid";32;2;25375
36;"./RAMEAU JEAN-PHILIPPE/Rameau Selections.mid";6;2;5438
37;"./MEDTNER NIKOLAI/Three Fairy Tales Skazki from Op. 34.mid";12;2;18568
38;"./MEDTNER NIKOLAI/Two Fairy Tales.mid";7;2;5054
39;"./MEDTNER NIKOLAI/Fairy Tale in D Minor, Op. 54.mid";6;2;3582
40;"./MEDTNER NIKOLAI/Fairy Tales Op. 51 No. 1, 2 and No. 3.mid";11;2;15923
41;"./MEDTNER NIKOLAI/Sonata Tragica, Op. 39, No. 5.mid";10;2;4213
42;"./BERG ALBAN MARIA JOHANNES/Sonata Op. 1.mid";8;2;9432
43;"./ELTON JOHN/Careless Whisper.mid";4;2;160
44;"./EVANS BILL/What Are You Doing The Rest Of Your Life.mid";4;2;232
45;"./POP-INTER/Coolio - Gangsta's Paradise [Remake].mid";3;3;624
46;"./POP-INTER/Pixies - Where is my mind.mid";107;3;372
47;"./POP-INTER/Metallica - Nothing Else Matters piano solo.mid";6;2;570
48;"./POP-INTER/The Weeknd - Save Your Tears.mid";64;3;480
49;"./POP-INTER/Ludovico Einaudi - Experience.mid";87;3;452
50;"./POP-INTER/Gary Jules - Mad World.mid";50;3;926
51;"./POP-INTER/Bruno Mars - Talking to the moon.mid";4;3;622
52;"./POP-INTER/Tuukka Jokilehto - A Love Story.mid";2;2;140
53;"./POP-INTER/Fousheé - deep end.mid";64;3;336
54;"./POP-INTER/Sting - Shape Of My Heart.mid";5;2;310
55;"./POP-INTER/Lewis Capaldi - Someone You Loved.mid";3;3;316
56;"./POP-INTER/Coolio - Gangsta's Paradise.mid";99;3;928
57;"./POP-INTER/Europe - The Final Countdown.mid";5;3;602
58;"./POP-INTER/Coldplay - Hymn For The Weekend.mid";88;3;488
59;"./BACH JOHANN SEBASTIAN/Prelude and Fugue in E-flat Minor, WTC I, BWV 853.mid";8;2;15619
60;"./BACH JOHANN SEBASTIAN/Prelude and Fugue in  F-sharp Major, WTC I , BWV 858.mid";4;2;1090
61;"./BACH JOHANN SEBASTIAN/Toccata in C Minor, BWV 911.mid";10;2;5255
62;"./BACH JOHANN SEBASTIAN/Prelude and Fugue in F Major, WTC II, BWV 880.mid";5;2;714
63;"./BACH JOHANN SEBASTIAN/Var. on BACH.mid";15;2;16737
64;"./BACH JOHANN SEBASTIAN/Prelude and Fugue in C-sharp Minor, WTC I, BWV 849-2.mid";7;2;8090
65;"./BACH JOHANN SEBASTIAN/Prelude and Fugue in D Major, WTC I, BWV 850.mid";4;2;2453
66;"./BACH JOHANN SEBASTIAN/Prelude and Fugue in B Major, WTC II, BWV 892.mid";6;2;4246
67;"./BACH JOHANN SEBASTIAN/Prelude and Fugue in G-sharp Minor, WTC II, BWV 887.mid";8;2;6214
68;"./BACH JOHANN SEBASTIAN/Prelude and Fugue in D-sharp Minor, WTC II, BWV 877.mid";6;2;3294
69;"./BACH JOHANN SEBASTIAN/English Suite No. 2  in A Minor, BWV 807, I. Prelude.mid";5;2;374
70;"./BACH JOHANN SEBASTIAN/Prelude and Fugue in D Minor, WTC II,  BWV 875.mid";4;2;2495
71;"./BACH JOHANN SEBASTIAN/Prelude and Fugue in C-sharp Major, BWV 848.mid";3;2;105
72;"./BACH JOHANN SEBASTIAN/Prelude and Fugue in G Minor, WTC II, BWV 885.mid";1;2;663
73;"./BACH JOHANN SEBASTIAN/Prelude and Fugue in B-flat Minor, WTC II.mid";6;2;6853
74;"./BACH JOHANN SEBASTIAN/Prelude and Fuge in G-sharp Minor, WTC I, BWV 863.mid";5;2;2245
75;"./BACH JOHANN SEBASTIAN/ Prélude et fugue en ut majeur BWV 846.mid";5;2;4770
76;"./BACH JOHANN SEBASTIAN/Toccata in DMin..mid";9;2;5675
77;"./BACH JOHANN SEBASTIAN/Prelude and Fugue in D Major, WTC II, BWV 874.mid";3;2;2825
78;"./BACH JOHANN SEBASTIAN/Wachet  auf, ruft uns die Stimme BWV 645.mid";3;2;4048
79;"./BACH JOHANN SEBASTIAN/Prelude and Fugue in F-sharp Minor, WTC II, BWV 883.mid";8;2;15397
80;"./BACH JOHANN SEBASTIAN/Partita No. 2 in C Minor, I. Sinfonia.mid";4;2;959
81;"./BACH JOHANN SEBASTIAN/Prelude and Fugue in D Major, Book II.mid";5;2;6398
82;"./BACH JOHANN SEBASTIAN/Prelude & Fugue in B flat minor Book I BWV 867.mid";5;2;3772
83;"./BACH JOHANN SEBASTIAN/Prelude and Fugue in A Minor, WTC II, BWV 847.mid";4;2;2110
84;"./BACH JOHANN SEBASTIAN/French Suite No. 5 in G Major.mid";2;2;319
85;"./BACH JOHANN SEBASTIAN/12 Variations on a Theme from a Menuet by Fischer.mid";11;2;14016
86;"./BACH JOHANN SEBASTIAN/Prelude and Fugue in A Minor, WTC II, BWV 889.mid";4;2;1156
87;"./BACH JOHANN SEBASTIAN/Prelude and Fugue in A-flat Major, WTC I.mid";4;2;3209
88;"./BACH JOHANN SEBASTIAN/Prelude and Fugue in D Minor, WTC II, BWV 875.mid";3;2;103
89;"./BACH JOHANN SEBASTIAN/Prelude and Fugue in D-flat Major, WTC I, BWV 848.mid";4;2;961
90;"./BACH JOHANN SEBASTIAN/Prelude and Fugue in G Major, WTC II, BWV 884.mid";2;2;28
91;"./BACH JOHANN SEBASTIAN/Prelude and Fugue in C Minor, WTC II, BWV 871.mid";4;2;2529
92;"./BACH JOHANN SEBASTIAN/Prelude and Fugue in C-Sharp Minor, WTC I, BWV 849.mid";5;2;2892
93;"./BACH JOHANN SEBASTIAN/Prelude from the English Suite No. 1 in A Major, BWV 806.mid";4;2;1762
94;"./BACH JOHANN SEBASTIAN/Prelude and Fugue in D major, WTC I.mid";4;2;1981
95;"./BACH JOHANN SEBASTIAN/Prelude and Fugue in E-flat Minor WTC I, BWV 853.mid";9;2;6993
96;"./BACH JOHANN SEBASTIAN/Chaconne in D Minor, BWV 1004.mid";14;2;11266
97;"./BACH JOHANN SEBASTIAN/Chromatic Fantasy and Fugue in D Minor, BWV 903.mid";12;2;10334
98;"./BACH JOHANN SEBASTIAN/Prelude and Fugue in A Minor, WTC II,  BWV 889.mid";4;2;1061
99;"./BACH JOHANN SEBASTIAN/Prelude from English Suite No. 6 in D Minor, BWV 811.mid";7;2;1282
100;"./BACH JOHANN SEBASTIAN/Prelude and Fugue in B Minor, WTC II, BWV 893.mid";4;2;523
101;"./BACH JOHANN SEBASTIAN/Prelude and Fugue in F Minor, WTC I, BWV 857.mid";6;2;9096
102;"./BACH JOHANN SEBASTIAN/Prelude & Fugue in G Minor, WTK II.mid";5;2;3267
103;"./BACH JOHANN SEBASTIAN/Prelude and Fugue in E Major, WTC I, BWV 854.mid";3;2;1431
104;"./BACH JOHANN SEBASTIAN/Air On A G String (J S Bach).mid";2;2;232
105;"./BACH JOHANN SEBASTIAN/Prelude and Fugue in A Major, WTC I, BWV 864.mid";4;2;802
106;"./BACH JOHANN SEBASTIAN/Prelude and Fugue in B Minor, WTC II.mid";4;2;1039
107;"./BACH JOHANN SEBASTIAN/Overture in the French Style in B Minor, BWV 831.mid";7;2;4536
108;"./BACH JOHANN SEBASTIAN/Italian Concerto in F Major, BWV 971 (Complete).mid";13;2;6041
109;"./BACH JOHANN SEBASTIAN/Prelude and Fugue in E-flat Major, WTC II, BWV 876.mid";4;2;2224
110;"./BACH JOHANN SEBASTIAN/Prelude and Fugue in C Major, WTC II, BWV 846.mid";4;2;746
111;"./BACH JOHANN SEBASTIAN/Partita No. 6 in E Minor.mid";21;2;25292
112;"./BACH JOHANN SEBASTIAN/Prelude and Fugue in C Major, WTC  II, BWV 870.mid";4;2;2007
113;"./BACH JOHANN SEBASTIAN/Prelude and Fugue in F Major, WTC II.mid";5;2;1037
114;"./BACH JOHANN SEBASTIAN/Toccata from Partita No. 6 in E Minor, Missing Opening!!!!.mid";6;2;2791
115;"./BACH JOHANN SEBASTIAN/Prelude and Fugue in C-sharp Minor, WTC I.mid";5;2;1911
116;"./BACH JOHANN SEBASTIAN/Sheep May Safely Graze, from Bachs Birthday Cantata.mid";5;2;3666
117;"./BACH JOHANN SEBASTIAN/Sheep May Safely Graze.mid";4;2;3469
118;"./BACH JOHANN SEBASTIAN/Prelude from the English Suite No. 2 in A Minor, BWV 807.mid";3;2;702
119;"./BACH JOHANN SEBASTIAN/Prelude and Fugue in G Major, WTC I, BWV 860.mid";4;2;343
120;"./BACH JOHANN SEBASTIAN/Prelude and Fugue in E Minor WTC I, BWV 855.mid";3;2;3027
121;"./BACH JOHANN SEBASTIAN/Prelude from the English Suite No. 6 in D Minor, BWV 811.mid";8;2;3945
122;"./BACH JOHANN SEBASTIAN/Prelude and Fugue in A Minor, WTC I, BWV 865.mid";5;2;1494
123;"./BACH JOHANN SEBASTIAN/Jesu, Joy of Man’s Desiring, BWV 147.mid";3;2;1691
124;"./BACH JOHANN SEBASTIAN/Prelude and Fugue in F-sharp Minor, WTC II.mid";7;2;12
125;"./BACH JOHANN SEBASTIAN/Prelude and Fugue in B-Moll, No. 22 WTKII.mid";7;2;3954
126;"./BACH JOHANN SEBASTIAN/Partita in C Minor, BWV 826.mid";19;2;472
127;"./BACH JOHANN SEBASTIAN/Partita No. 4 in D Major, BWV 828.mid";18;2;16355
128;"./BACH JOHANN SEBASTIAN/Prelude and Fugue in G Minor, WTC II.mid";6;2;5032
129;"./BACH JOHANN SEBASTIAN/Prelude and Fugue in C-sharp Major, WTC I, BWV 848-2.mid";3;2;889
130;"./BACH JOHANN SEBASTIAN/Italian Concerto, BWV 971 (Complete).mid";13;2;7656
131;"./BACH JOHANN SEBASTIAN/Prelude and Fugue in D Minor, Book II.mid";3;2;1970
132;"./BACH JOHANN SEBASTIAN/Prelude and Fugue in B-flat Minor, WTC I, BWV 867.mid";6;2;3847
133;"./BACH JOHANN SEBASTIAN/Prelude and Fugue in C-sharp Minor, Book I, BWV 849.mid";8;2;8649
134;"./BACH JOHANN SEBASTIAN/Italian Concerto, BWV 971.mid";12;2;8222
135;"./BACH JOHANN SEBASTIAN/Prelude and Fugue in E-flat Major, WTC I.mid";6;2;3418
136;"./BACH JOHANN SEBASTIAN/Partita No. 1 in B-Flat Major, BWV 825 (Complete).mid";16;2;16553
137;"./BACH JOHANN SEBASTIAN/Prelude and Fugue in F Major, WTC I, BWV 856.mid";2;2;159
138;"./BACH JOHANN SEBASTIAN/Prelude and Fugue in E Major, WTC I, BWV 854  .mid";3;2;702
139;"./BACH JOHANN SEBASTIAN/Chaconne in D Minor.mid";13;2;4334
140;"./BACH JOHANN SEBASTIAN/Prelude from English Suite No. 3 in G Major.mid";3;2;209
141;"./BACH JOHANN SEBASTIAN/Chaconne BWV1004.mid";14;2;8664
142;"./BACH JOHANN SEBASTIAN/Prelude and Fugue in D Minor, WTC I, BWV 851.mid";4;2;4036
143;"./BACH JOHANN SEBASTIAN/English Suite no. 3 in G Minor, Prelude.mid";3;2;246
144;"./BACH JOHANN SEBASTIAN/Prelude and Fugue in C-Sharp Major, WTC I, BWV 848.mid";3;2;135
145;"./BACH JOHANN SEBASTIAN/Prelude and Fugue in G-sharp Minor, WTC I, BWV 863.mid";5;2;7148
146;"./BACH JOHANN SEBASTIAN/Prelude and Fugue in C-sharp Major, WTC I.mid";3;2;172
147;"./BACH JOHANN SEBASTIAN/Prelude from the English Suite No. 6.mid";8;2;1827
148;"./BACH JOHANN SEBASTIAN/Prelude and Fugue in F Minor, WTC I.mid";6;2;443
149;"./BACH JOHANN SEBASTIAN/Prelude and Fugue in A Major, WTC II, BWV 888.mid";3;2;1124
150;"./BACH JOHANN SEBASTIAN/Prelude and Fugue in C-sharp Minor, WTC II.mid";6;2;501
151;"./BACH JOHANN SEBASTIAN/Prelude and Fugue in B Major, WTC I, BWV 868.mid";3;2;1753
152;"./BACH JOHANN SEBASTIAN/Duet in E Minor, BWV 802.mid";2;2;29
153;"./BACH JOHANN SEBASTIAN/English Suite in A Minor, BWV 807.mid";14;2;4715
154;"./BACH JOHANN SEBASTIAN/Toccata in E Minor, BWV 914.mid";6;2;1508
155;"./BACH JOHANN SEBASTIAN/Prelude and Fugue in C sharp major, WTC I, BWV 848.mid";3;2;758
156;"./BACH JOHANN SEBASTIAN/Prelude and Fugue in F-sharp Minor, WTC II , BWV 883.mid";6;2;2873
157;"./HALVORSEN JOHAN/Handel Passacaglia.mid";2;2;146
158;"./HAYDN FRANZ JOSEPH/Sonata in E-flat major, Hob. XVI52, I. Allegro.mid";6;2;3250
159;"./HAYDN FRANZ JOSEPH/Sonata in E flat Major, Hob. XVI 49, I. Allegro.mid";5;2;1846
160;"./HAYDN FRANZ JOSEPH/Sonata in E Major, Hob. XVI31, First Movement.mid";3;2;2077
161;"./HAYDN FRANZ JOSEPH/Sonata in A-flat Major, Hob. XVI 46, I. Allegro moderato.mid";6;2;5933
162;"./HAYDN FRANZ JOSEPH/Sonata in C Major, Hob. XVI 50, I. Allegro.mid";5;2;3178
163;"./HAYDN FRANZ JOSEPH/Son. Hob. XVI39.mid";14;2;15204
164;"./HAYDN FRANZ JOSEPH/Sonata in D Major, Hob. XVI24.mid";5;2;4286
165;"./HAYDN FRANZ JOSEPH/Sonata in C Major, Hob. XVI50, 1st mov..mid";5;2;3379
166;"./HAYDN FRANZ JOSEPH/Sonata in E-flat Major, Hob. XVI52, 1st mov..mid";6;2;2528
167;"./HAYDN FRANZ JOSEPH/Piano Sonata No. 38 in F major, Hob. XVI23 (1773).mid";18;2;2693
168;"./HAYDN FRANZ JOSEPH/Sonata in E-flat Major, Hob. XVI 52, I. Allegro.mid";6;2;5789
169;"./HAYDN FRANZ JOSEPH/Sonata in C Minor, Hob. XVI20, 1st mov..mid";5;2;1145
170;"./HAYDN FRANZ JOSEPH/Sonata in A-Flat Major, Hob. XVI46, I. Allegro moderato.mid";6;2;2715
171;"./HAYDN FRANZ JOSEPH/Sonata in E-flat Major, Hob. XVI52, First Movement.mid";6;2;3296
172;"./HAYDN FRANZ JOSEPH/Piano Sonata in C major, Hob. XVI50 (Complete).mid";13;2;5260
173;"./HAYDN FRANZ JOSEPH/Sonata in B-flat Major, Hob.XVI41.mid";2;2;736
174;"./HAYDN FRANZ JOSEPH/Sonata in C Major, Hob. XVI48 (Complete).mid";12;2;8289
175;"./HAYDN FRANZ JOSEPH/Sonata in A-flat Major, No. 31 Hob. XVI46, 1st mov.mid";5;2;802
176;"./HAYDN FRANZ JOSEPH/Son. Hob. XVI32.mid";8;2;4940
177;"./HAYDN FRANZ JOSEPH/Sonata in C Major, Hob. XVI50.mid";2;2;954
178;"./HAYDN FRANZ JOSEPH/Sonata in F Major, Hob. XVI23.mid";16;2;5037
179;"./HAYDN FRANZ JOSEPH/Sonata in C Major, Hob. XVI50, First Movement.mid";5;2;2642
180;"./HAYDN FRANZ JOSEPH/Sonata in C Minor, First Movement.mid";5;2;5264
181;"./HAYDN FRANZ JOSEPH/Sonata in G Major, Hob. XVI6, First Movement.mid";3;2;1803
182;"./HAYDN FRANZ JOSEPH/Son. Hob. XVI52.mid";17;2;10856
183;"./HAYDN FRANZ JOSEPH/Sonata E-Flat Major, Hob. XVI49, First Movement.mid";5;2;3763
184;"./HAYDN FRANZ JOSEPH/Sonata in C major, Hob. XVI 50.mid";13;2;5739
185;"./HAYDN FRANZ JOSEPH/Sonata in in F Major, Hob. XVI 23, I. Allegro moderato.mid";3;2;381
186;"./MOZART WOLFGANG AMADEUS/Sonata in D Major, K. 576, II - Adagio.mid";5;2;2687
187;"./MOZART WOLFGANG AMADEUS/Sonata in B-flat Major, K. 333, I. Allegro.mid";5;2;2211
188;"./MOZART WOLFGANG AMADEUS/Fantasy in C Min.mid";12;2;11926
189;"./MOZART WOLFGANG AMADEUS/Sonata K. 457.mid";16;2;17572
190;"./MOZART WOLFGANG AMADEUS/Sonata in B-flat Major, K. 281, First Movement.mid";3;2;1993
191;"./MOZART WOLFGANG AMADEUS/Piano Sonata No. 11 in A major, KV 331_1_Andante grazioso (con variazioni).mid";7;3;1629
192;"./MOZART WOLFGANG AMADEUS/Sonata in D Major K576.mid";13;2;9220
193;"./MOZART WOLFGANG AMADEUS/Sonata in D Major, K.311.mid";13;2;7508
194;"./MOZART WOLFGANG AMADEUS/Sonata in B-flat Major, K. 333, 1st mov..mid";5;2;5148
195;"./MOZART WOLFGANG AMADEUS/Sonata in B-flat Major, K. 570, 1st mov..mid";4;2;4547
196;"./MOZART WOLFGANG AMADEUS/Sonata in F Major, K 332 (Complete).mid";14;2;13394
197;"./MOZART WOLFGANG AMADEUS/Sonata in D Major, K. 284, First Movement.mid";3;2;2438
198;"./MOZART WOLFGANG AMADEUS/Piano Sonata No. 11 in A major, KV 331_2_Minuetto.mid";4;3;1001
199;"./MOZART WOLFGANG AMADEUS/Rondo in A Minor,  K. 511.mid";8;2;3447
200;"./MOZART WOLFGANG AMADEUS/Sonata in D Major, K. 576, I - Allegro.mid";4;2;1837
201;"./MOZART WOLFGANG AMADEUS/Sonata in C Major, K279.mid";10;2;8368
202;"./MOZART WOLFGANG AMADEUS/Sonata in D Major, K 576, First Movement.mid";4;2;2710
203;"./MOZART WOLFGANG AMADEUS/Sonata in C Minor, K. 457, 1st mov..mid";4;2;2391
204;"./MOZART WOLFGANG AMADEUS/Sonata in F Major, K533.mid";19;2;10231
205;"./MOZART WOLFGANG AMADEUS/Sonata in F.mid";18;2;18039
206;"./MOZART WOLFGANG AMADEUS/Piano Sonata No. 11 in A major, KV 331_3_Alla turca-Allegretto.mid";4;3;682
207;"./MOZART WOLFGANG AMADEUS/Sonata in C Minor, K. 457.mid";18;2;15534
208;"./MOZART WOLFGANG AMADEUS/Twelve Variations, K179 (189a).mid";11;2;12105
209;"./MOZART WOLFGANG AMADEUS/Sonata in F Major, K. 280, 1st mov..mid";3;2;1572
210;"./MOZART WOLFGANG AMADEUS/Sonata in D Major, K 284, First Movement.mid";4;2;2898
211;"./MOZART WOLFGANG AMADEUS/Sonata in C Major, K 330, I. Allegro moderato.mid";4;2;952
212;"./MOZART WOLFGANG AMADEUS/Sonata in D-Major, K. 311, First Movement.mid";3;2;2511
213;"./MOZART WOLFGANG AMADEUS/Sonata in D Major, K. 576 (Complete).mid";13;2;5450
214;"./MOZART WOLFGANG AMADEUS/Sonata in F Major, K280.mid";2;2;1168
215;"./MOZART WOLFGANG AMADEUS/Sonata in D Major, K. 311.mid";15;2;11579
216;"./MOZART WOLFGANG AMADEUS/Sonata in F K332.mid";15;2;13698
217;"./MOZART WOLFGANG AMADEUS/Sonata K. 457 in C minor, I. Allegro molto.mid";4;2;1143
218;"./MOZART WOLFGANG AMADEUS/Sonata in C Minor K457, First Movement.mid";4;2;993
219;"./MOZART WOLFGANG AMADEUS/Sonata in B-flat Major, K 333, First Movement.mid";5;2;2514
220;"./MOZART WOLFGANG AMADEUS/Nine variations on a minuet by Duport, K537.mid";10;2;7598
221;"./MOZART WOLFGANG AMADEUS/Sonata in B-flat Major, K.281.mid";11;2;14729
222;"./MOZART WOLFGANG AMADEUS/Nine Variations, K. 264.mid";12;2;11318
223;"./CHOPIN FREDERIC/Etudes Op. 10 Nos. 9.mid";2;2;1719
224;"./CHOPIN FREDERIC/Etude Op. 25 No. 12.mid";3;2;870
225;"./CHOPIN FREDERIC/Nocturne Op. 62 No. 1 in B Major.mid";7;2;5859
226;"./CHOPIN FREDERIC/Ballade 4 Op. 52.mid";10;2;6000
227;"./CHOPIN FREDERIC/Sonata No. 3 in B Minor, Op. 58.mid";27;2;38502
228;"./CHOPIN FREDERIC/Rondo in C Minor, Op. 1.mid";10;2;10316
229;"./CHOPIN FREDERIC/Polonaise-Fantasie.mid";13;2;12894
230;"./CHOPIN FREDERIC/Scherzo No. 1 in B Minor, Op. 20.mid";9;2;5364
231;"./CHOPIN FREDERIC/Etude In C Minor.mid";3;2;173
232;"./CHOPIN FREDERIC/Etude in F Major, Op. 10, No. 8.mid";3;2;975
233;"./CHOPIN FREDERIC/Fantasie in F Minor, Op. 49.mid";12;2;11079
234;"./CHOPIN FREDERIC/Scherzo No. 3.mid";7;2;4821
235;"./CHOPIN FREDERIC/Mazurka in C-sharp Minor, Op. 50 No. 3.mid";4;2;2615
236;"./CHOPIN FREDERIC/Etude Op. 10 No. 4.mid";2;2;1388
237;"./CHOPIN FREDERIC/Polonaise Op. 53 in A-flat Major.mid";6;2;5139
238;"./CHOPIN FREDERIC/Nocturne in E-flat Major, Op. 55 No. 2.mid";5;2;2344
239;"./CHOPIN FREDERIC/Etude Op. 25 No. 11.mid";3;2;1901
240;"./CHOPIN FREDERIC/Etude Op. 10 No. 1.mid";2;2;591
241;"./CHOPIN FREDERIC/Berceuse in D-Flat Major, Op. 57.mid";4;2;1148
242;"./CHOPIN FREDERIC/Finale to B Minor Piano Sonata.mid";6;2;2170
243;"./CHOPIN FREDERIC/Etude Op. 25 No. 1.mid";2;2;873
244;"./CHOPIN FREDERIC/Etude Op. 10 No. 3 - Tristesse.mid";4;1;350
245;"./CHOPIN FREDERIC/Prelude Op.28 No.4 in e.mid";2;1;480
246;"./CHOPIN FREDERIC/Etude Op. 25 No. 6.mid";2;2;1185
247;"./CHOPIN FREDERIC/Ballade No. 2 in F Major.mid";6;2;5254
248;"./CHOPIN FREDERIC/Etude Op. 25 No. 10.mid";4;2;2843
249;"./CHOPIN FREDERIC/Andante spianato e grande polonaise, Op. 22.mid";14;2;15702
250;"./CHOPIN FREDERIC/Ballade No. 2 in F Major, Op. 38.mid";8;2;9810
251;"./CHOPIN FREDERIC/Etude Op. 25 No. 1 in A-flat Major.mid";2;2;933
252;"./CHOPIN FREDERIC/Scherzo No. 2 in B-flat Minor, Op.31.mid";9;2;4755
253;"./CHOPIN FREDERIC/Etude Op. 25 No. 12 in C Minor.mid";2;2;745
254;"./CHOPIN FREDERIC/Ballade No. 3 in A-flat Major, Op. 47.mid";7;2;6736
255;"./CHOPIN FREDERIC/Scherzo No. 1 in B minor, Op. 20.mid";9;2;4223
256;"./CHOPIN FREDERIC/Etude in A Minor, Op. 25, No. 11.mid";4;2;1504
257;"./CHOPIN FREDERIC/Fantasy in F Minor, Op.49.mid";13;2;6196
258;"./CHOPIN FREDERIC/Polonaise-Fantasie, Op. 61.mid";13;2;5191
259;"./CHOPIN FREDERIC/Andante Spianato and Grand Polonaise Brilliante, Op. 22.mid";14;2;13969
260;"./CHOPIN FREDERIC/Polonaise-Fantasie Op. 61.mid";11;2;11632
261;"./CHOPIN FREDERIC/Polonaise Op. 26 in E-flat Minor.mid";7;2;6381
262;"./CHOPIN FREDERIC/Mazurka in G-sharp Minor, Op. 33, No. 1.mid";2;2;1161
263;"./CHOPIN FREDERIC/Prelude-in-C-Minor-Opus-28-Nr-20.mid";1;3;98
264;"./CHOPIN FREDERIC/Nocturne in C-Sharp Minor, Op. Posth..mid";4;2;1695
265;"./CHOPIN FREDERIC/12 Etudes, Op. 25.mid";5;2;2729
266;"./CHOPIN FREDERIC/Nocturne Op. 27 No. 2 in D-flat Major.mid";6;2;1681
267;"./CHOPIN FREDERIC/Scherzo No. 3 in C-sharp Minor, Op. 39.mid";7;2;5861
268;"./CHOPIN FREDERIC/Nocturne in C-sharp Minor, Op. 27 No. 1.mid";5;2;1625
269;"./CHOPIN FREDERIC/Barcarolle in F-sharp Major, Op. 60.mid";8;2;5728
270;"./CHOPIN FREDERIC/Scherzo No. 2 in B-flat Minor, Op. 31.mid";10;2;10412
271;"./CHOPIN FREDERIC/Sonata in B Minor, Op. 58.mid";24;2;20849
272;"./CHOPIN FREDERIC/Scherzo No. 4 in E Major, Op. 54.mid";11;2;6813
273;"./CHOPIN FREDERIC/Rondo in C minor, Op. 1.mid";8;2;4511
274;"./CHOPIN FREDERIC/Polonaise Op. 44.mid";11;2;9507
275;"./CHOPIN FREDERIC/Sonata No. 3.mid";27;2;29648
276;"./CHOPIN FREDERIC/Barcarolle in F#.mid";8;2;8107
277;"./CHOPIN FREDERIC/Sonata No. 3 in B Minor, Op. 58, I. Allegro maestoso.mid";8;2;4429
278;"./CHOPIN FREDERIC/Barcarolle, Op. 60.mid";9;2;5408
279;"./CHOPIN FREDERIC/Mazurka in D Major, Op. 33, No. 2.mid";2;2;1607
280;"./CHOPIN FREDERIC/Complete Etudes, Opus 25.mid";10;2;6208
281;"./CHOPIN FREDERIC/Nocturne in C Minor, Op. 48 No. 1.mid";5;2;4169
282;"./CHOPIN FREDERIC/Nocturne in F-sharp Major, Op. 15, No. 2.mid";4;2;3974
283;"./CHOPIN FREDERIC/24 Preludes, Op. 28.mid";40;2;31270
284;"./CHOPIN FREDERIC/Nocturne Op.09 n2.mid";4;4;268
285;"./CHOPIN FREDERIC/Mazurka in F Minor, Op. 7, No. 3.mid";2;2;1139
286;"./CHOPIN FREDERIC/Nocturne Op. 48 No. 1 in C Minor.mid";5;2;1695
287;"./CHOPIN FREDERIC/Etude Op. 10 No. 2 in A Minor.mid";1;2;559
288;"./CHOPIN FREDERIC/Valse brillante No. 1 in A-flat Major, Op. 34.mid";5;2;3194
289;"./CHOPIN FREDERIC/Andante Spianato and Grande Polonaise Brillante, Op. 22.mid";13;2;13482
290;"./CHOPIN FREDERIC/Ballade No. 4 in F Minor, Op. 52.mid";11;2;9797
291;"./CHOPIN FREDERIC/Sonata No. 2 in B-flat Minor, Op. 35.mid";19;2;14759
292;"./CHOPIN FREDERIC/Ballade No. 1 in G Minor, Op. 23.mid";9;2;8721
293;"./CHOPIN FREDERIC/Sonata No. 3 in B Minor, Op. 58 (Complete).mid";24;2;16982
294;"./CHOPIN FREDERIC/Etude Op. 10 No. 8 in F Major.mid";3;2;2836
295;"./CHOPIN FREDERIC/Scherzo No. 2 in B-flat Major, Op. 31.mid";10;2;5775
296;"./CHOPIN FREDERIC/Etude Op. 25 No. 5 in E Minor.mid";3;2;2535
297;"./CHOPIN FREDERIC/Etude Op. 25 No. 11 in A Minor.mid";4;2;3431
298;"./CHOPIN FREDERIC/Etude Op. 10 No. 12.mid";3;2;2166
299;"./CHOPIN FREDERIC/Mazurka Op. 50 No. 3 in C-sharp Minor.mid";4;2;3257
300;"./CHOPIN FREDERIC/Scherzo No. 2 in B-Flat Minor, Op.31.mid";10;2;2907
301;"./CHOPIN FREDERIC/Etude Op. 10 No. 1 in C Major.mid";2;2;849
302;"./CHOPIN FREDERIC/Berceuse Op. 57.mid";4;2;2694
303;"./CHOPIN FREDERIC/Sonata 3 Op. 58.mid";24;2;19435
304;"./CHOPIN FREDERIC/Etude Op. 25 No. 10 in B Minor.mid";4;2;3698
305;"./CHOPIN FREDERIC/Etudes Op. 10 Nos. 8.mid";2;2;3018
306;"./CHOPIN FREDERIC/Preludes, Book II, L 123, VI. Général Lavine - eccentric.mid";3;2;608
307;"./CHOPIN FREDERIC/Nocturne Op. 55 No. 2 in E-flat Major.mid";5;2;2027
308;"./CHOPIN FREDERIC/Preludes, Op.28.mid";44;2;42239
309;"./CHOPIN FREDERIC/Variations and Fugue in E-flat Major, Op. 35, Eroica.mid";24;2;12511
310;"./CHOPIN FREDERIC/Nocturne Op. 9 No. 2 in E-flat Major.mid";4;2;2901
311;"./CHOPIN FREDERIC/Nocturne in B Major, Op. 9, No. 3.mid";6;2;2954
312;"./CHOPIN FREDERIC/Nocturne Op. 27 No. 1 in C-sharp Minor.mid";5;2;2790
313;"./CHOPIN FREDERIC/Andante spianato et grande polonaise brillante, Op. 22.mid";13;2;8042
314;"./CHOPIN FREDERIC/Berceuse Op. 57 in D-flat Major.mid";4;2;4581
315;"./CHOPIN FREDERIC/Etude Op. 10 No. 10 in A-flat Major.mid";2;2;1498
316;"./CHOPIN FREDERIC/Berceuse, Op. 57.mid";5;2;3638
317;"./CHOPIN FREDERIC/Etude Op. 10 No. 4 in C-Sharp Minor.mid";2;2;1608
318;"./CHOPIN FREDERIC/Mazurka Op. 6 No. 2 in C-sharp Minor.mid";2;2;3103
319;"./CHOPIN FREDERIC/Ballade No. 4 in F minor, Op. 52.mid";10;2;8633
320;"./CHOPIN FREDERIC/Etude Op. 10 No. 12 in C Minor.mid";2;2;2056
321;"./CHOPIN FREDERIC/Nocturne Op.55 n1.mid";5;4;441
322;"./CHOPIN FREDERIC/Nocturne in Db.mid";6;2;4635
323;"./CHOPIN FREDERIC/Etude Op. 25 No. 6 in G-sharp Minor.mid";2;2;1697
324;"./CHOPIN FREDERIC/Nocturne Op. 32 No. 2 in A-flat Major.mid";4;2;5329
325;"./CHOPIN FREDERIC/Sonata No. 3 in B Minor, Op. 58, 1st mov..mid";9;2;7545
326;"./CHOPIN FREDERIC/Etude Op. 10 No. 4 in C-sharp Minor.mid";2;2;1762
327;"./CHOPIN FREDERIC/Etude Op. 10 No. 5 in G-flat Major.mid";2;2;1630
328;"./CHOPIN FREDERIC/Two Preludes from Op. 28, Nos. 15 and 24.mid";2;2;295
329;"./CHOPIN FREDERIC/Andante Spianato et Grande Polonaise Brillante, Op. 22.mid";13;2;7771
330;"./CHOPIN FREDERIC/Mazurkas, Op. 17 (Complete).mid";13;2;15373
331;"./CHOPIN FREDERIC/Nocturne Op. 15 No. 1 in F Major.mid";4;2;2745
332;"./CHOPIN FREDERIC/Nocturne Op. 62, No. 2.mid";6;2;4186
333;"./CHOPIN FREDERIC/Etude Op. 10 No. 8.mid";2;2;1925
334;"./CHOPIN FREDERIC/Scherzo No. 4  in E Major, Op. 54.mid";12;2;13726
335;"./CHOPIN FREDERIC/Etudes Op. 25 Nos. 1-5.mid";11;2;5436
336;"./CHOPIN FREDERIC/Etude Op. 10 No. 2.mid";1;2;650
337;"./CHOPIN FREDERIC/Etude op. 10-5 Black keys.mid";2;4;146
338;"./PROKOFIEFF SERGUEÏ/Piano Sonata No. 7, Op. 83 in B-flat Major - II. Andante caloroso.mid";7;1;576
339;"./PROKOFIEFF SERGUEÏ/Etude Op. 2, No. 3- Kissin, Evgeny.mid";3;1;135
340;"./BEETHOVEN LUDWIG VAN/Sonata No. 17, Op. 31 No. 2 in D Minor - Tempest, I. Largo-Allegro.mid";6;2;2717
341;"./BEETHOVEN LUDWIG VAN/Sonata No. 23 in F Minor, Op. 57 Appassionata, First Movement.mid";10;2;9806
342;"./BEETHOVEN LUDWIG VAN/Sonata in E-flat Major, Op. 81a.mid";16;2;20343
343;"./BEETHOVEN LUDWIG VAN/Sonata No. 16 in G Major, Op. 31 No. 1, I. and II. .mid";15;2;21118
344;"./BEETHOVEN LUDWIG VAN/Sonata in C Major, Op. 2 No. 3, 1st mov..mid";7;2;2529
345;"./BEETHOVEN LUDWIG VAN/Sonata No. 12 in A-flat Major, Op. 26, First Movement.mid";7;2;7860
346;"./BEETHOVEN LUDWIG VAN/Sonata No. 7, Op. 10 No. 3 in D Major, I. Presto.mid";5;2;2523
347;"./BEETHOVEN LUDWIG VAN/ Sonate no  3 in C, Op.2 #3 - Scherzo (Allegro) - Claudio ARRAU.mid";3;1;140
348;"./BEETHOVEN LUDWIG VAN/Sonata No. 11 in B-flat Major, Op. 22, I. Allegro con brio.mid";5;2;3668
349;"./BEETHOVEN LUDWIG VAN/Sonata in C Major, Op. 53  - Waldstein.mid";13;2;6524
350;"./BEETHOVEN LUDWIG VAN/Sonata No. 32 in C minor, Op. 111.mid";27;2;33271
351;"./BEETHOVEN LUDWIG VAN/Sonata No. 18 in E-flat Major, Op. 31, No. 3 (Complete).mid";20;2;11445
352;"./BEETHOVEN LUDWIG VAN/32 Variations on a theme.mid";10;4;17
353;"./BEETHOVEN LUDWIG VAN/Sonata No. 16 in G Major, Op. 31 No. 1, First Movement.mid";5;2;1573
354;"./BEETHOVEN LUDWIG VAN/Sonata No. 8 in C Minor, Op.13.mid";15;2;13523
355;"./BEETHOVEN LUDWIG VAN/Sonata No. 11, Op. 22 in B-flat Major, I. Allegro con brio.mid";5;2;4086
356;"./BEETHOVEN LUDWIG VAN/Sonata No. 21 in C Major, Op. 53, Waldstein, First Movement.mid";8;2;9856
357;"./BEETHOVEN LUDWIG VAN/Sonata Op. 78.mid";8;2;8122
358;"./BEETHOVEN LUDWIG VAN/Thirty-Two Variations in C minor, WoO 80.mid";10;2;6335
359;"./BEETHOVEN LUDWIG VAN/Sonata No. 3 in C Major, Op. 2 No. 3, I. Allegro con brio.mid";7;2;6820
360;"./BEETHOVEN LUDWIG VAN/Sonata No. 23 in F Minor, Op. 57, First movement.mid";9;2;10272
361;"./BEETHOVEN LUDWIG VAN/Sonata No. 31 in A-flat Major, Op. 110.mid";18;2;22965
362;"./BEETHOVEN LUDWIG VAN/Sonata No. 24 in F-sharp Major, Op. 78, First Movement.mid";5;2;5095
363;"./BEETHOVEN LUDWIG VAN/Sonata No. 32 in C Minor, Op. 111.mid";27;2;18075
364;"./BEETHOVEN LUDWIG VAN/Sonata No. 18 in E-flat Major, Op. 31 No. 3, First Movement.mid";6;2;3267
365;"./BEETHOVEN LUDWIG VAN/Sonata Op. 54 in F Major.mid";9;2;3360
366;"./BEETHOVEN LUDWIG VAN/Sonata No. 31 in A-flat Major, Op. 110, First movement.mid";7;2;7804
367;"./BEETHOVEN LUDWIG VAN/Bagatelles, Op. 126 (Complete).mid";19;2;18105
368;"./BEETHOVEN LUDWIG VAN/Sonata No. 21, Op. 53, Waldstein, I. Allegro con brio.mid";8;2;8827
369;"./BEETHOVEN LUDWIG VAN/Eroica Variations, Op. 35.mid";22;2;14547
370;"./BEETHOVEN LUDWIG VAN/Sonata Op. 31, No. 3 in E-flat Major.mid";19;2;9848
371;"./BEETHOVEN LUDWIG VAN/Sonata No. 27 in E Minor, Op. 90, First Movement.mid";5;2;3891
372;"./BEETHOVEN LUDWIG VAN/Sonata No. 7 in D Major, Op. 10 No. 3, First Movement.mid";5;2;2718
373;"./BEETHOVEN LUDWIG VAN/Sonata No. 21 in C major, Op. 53, 1st mov..mid";8;2;4848
374;"./BEETHOVEN LUDWIG VAN/Sonata No. 24 in F-sharp Major, Op. 78.mid";7;2;5977
375;"./BEETHOVEN LUDWIG VAN/Sonata No. 10 in G Major, Op. 14 No. 2, First Movement.mid";5;2;4740
376;"./BEETHOVEN LUDWIG VAN/Sonata No. 31 in A-flat Major, Op. 110 (Complete).mid";18;2;11435
377;"./BEETHOVEN LUDWIG VAN/Andante favori in F Major, WoO 57.mid";9;2;11811
378;"./BEETHOVEN LUDWIG VAN/Sonata No. 23, Op. 57 in F Minor, Appassionata, I. Allegro assai.mid";9;2;5177
379;"./BEETHOVEN LUDWIG VAN/Sonata No. 16 Op. 31 No. 1 in G Major, I. Allegro vivace.mid";5;2;2283
380;"./BEETHOVEN LUDWIG VAN/Rondo, Op. 129.mid";6;2;1755
381;"./BEETHOVEN LUDWIG VAN/Sonata in E Major, Op. 109.mid";19;2;22236
382;"./BEETHOVEN LUDWIG VAN/Sonata No. 29 in B-flat Major, Op. 106.mid";41;2;39095
383;"./BEETHOVEN LUDWIG VAN/Sonata No. 3, Op. 2 No. 3 in C major, I. Allegro con brio.mid";8;2;3309
384;"./BEETHOVEN LUDWIG VAN/Sonata in D minor, Op. 31, No. 2.mid";13;2;11859
385;"./BEETHOVEN LUDWIG VAN/Sonata No. 21 in C major, Op. 53, Waldstein, I. Allegro con brio.mid";8;2;3796
386;"./BEETHOVEN LUDWIG VAN/Sonata in D Minor, Op. 31 No. 2 - Tempest.mid";24;2;26258
387;"./BEETHOVEN LUDWIG VAN/Sonata No. 21 in C Major, Op. 53, I. Allegro con brio.mid";8;2;9773
388;"./BEETHOVEN LUDWIG VAN/Bagatelles Op126.mid";18;2;21709
389;"./BEETHOVEN LUDWIG VAN/Sonata No. 27 in E Minor, Op. 90.mid";13;2;18097
390;"./BEETHOVEN LUDWIG VAN/Sonata No. 21 in  C Major, Op. 53.mid";22;2;21889
391;"./BEETHOVEN LUDWIG VAN/Sonata No. 17 in D Minor, Op. 31 No. 2, First Movement.mid";6;2;3630
392;"./BEETHOVEN LUDWIG VAN/Sonata No. 16 in G Major, Op. 31 No. 1, First movement.mid";5;2;1126
393;"./BEETHOVEN LUDWIG VAN/Sonata No. 21 in C Major, Op. 53, First Movement.mid";8;2;7554
394;"./BEETHOVEN LUDWIG VAN/Bagtellen, Op.126.mid";19;2;27222
395;"./BEETHOVEN LUDWIG VAN/Sonata Op. 101.mid";21;2;21376
396;"./BEETHOVEN LUDWIG VAN/Thirty-Two Variations in C minor, WoO 80-2.mid";11;2;4882
397;"./BEETHOVEN LUDWIG VAN/Sonata No. 17 in D minor, Op. 31 No. 2, 1st mov..mid";6;2;2606
398;"./BEETHOVEN LUDWIG VAN/Sonata No. 4 in E-flat Major, Op. 7, 1st mov..mid";5;2;3068
399;"./BEETHOVEN LUDWIG VAN/Sonata No. 31 in A-Flat Major, Op. 110 (Complete).mid";19;2;16859
400;"./BEETHOVEN LUDWIG VAN/Sonata No. 26 in 3-flat Major, Op. 81a (2nd & 3rd Movements).mid";8;2;5888
401;"./BEETHOVEN LUDWIG VAN/Sonata No. 5 in C Minor, Op. 10 No. 1, First Movement.mid";5;2;7039
402;"./BEETHOVEN LUDWIG VAN/Sonata Op. 81 No. 26, Les Adieux.mid";9;2;6196
403;"./BEETHOVEN LUDWIG VAN/Thirty-Two Variaions in C Minor, WoO80.mid";11;2;10345
404;"./BEETHOVEN LUDWIG VAN/Sonata Op. 110.mid";18;2;20901
405;"./BEETHOVEN LUDWIG VAN/Sonata No. 26 in E-flat Major, Op. 81a, I. Das Lebewohl. Adagio - Allegro.mid";7;2;5093
406;"./BEETHOVEN LUDWIG VAN/Variations and Fugue in E-flat Major, Op. 35, Eroica.mid";26;2;13391
407;"./BEETHOVEN LUDWIG VAN/Sonata No. 4 in E-flat Major, Op. 7, I. Allegro molto e con brio.mid";6;2;5440
408;"./BEETHOVEN LUDWIG VAN/Sonata No. 18, Op. 31 No. 3 in E-flat Major, I. Allegro.mid";6;2;2818
409;"./BEETHOVEN LUDWIG VAN/Thirty-Two Variations in C Minor, WoO 80.mid";10;2;9085
410;"./BEETHOVEN LUDWIG VAN/Sonata in E Major, Op. 14, No. 1.mid";13;2;14956
411;"./BEETHOVEN LUDWIG VAN/Sonata No. 3 in C Major, Op. 2 No. 3, I. and II. .mid";15;2;17725
412;"./BEETHOVEN LUDWIG VAN/15 Variations and Fugue in Eb on an Original Theme ('Eroica Variations'), Op.35.mid";23;2;17627
413;"./BEETHOVEN LUDWIG VAN/Thirty-Two Variations  in C Minor, WoO 80.mid";11;2;10054
414;"./BEETHOVEN LUDWIG VAN/Sonata No. 7 in D Major, Op. 10 No. 3, 1st mov..mid";7;2;4078
415;"./BEETHOVEN LUDWIG VAN/Sonata No. 21 in C Major, Op. 53.mid";22;2;23084
416;"./BEETHOVEN LUDWIG VAN/Rondo a capriccioso - Rage over a Lost Penny, Op. 129.mid";6;2;4703
417;"./BEETHOVEN LUDWIG VAN/Sonata No. 7 in D Major, Op. 10 No. 3.mid";21;2;16041
418;"./BEETHOVEN LUDWIG VAN/Sonata No. 5 in C Minor, Op. 10 No. 1, I. Allegro molto e con brio.mid";4;2;4055
419;"./BEETHOVEN LUDWIG VAN/Sonata No. 28 in A Major, Op. 101 (Complete).mid";18;2;10151
420;"./BEETHOVEN LUDWIG VAN/Sonata No. 31 In A-flat Major, Op. 110.mid";17;2;16157
421;"./BEETHOVEN LUDWIG VAN/Sonata No. 11 in E-flat Major, Op. 22 (Complete).mid";22;2;8771
422;"./BEETHOVEN LUDWIG VAN/Sonata No. 4 in E-flat Major, Op. 7, First Movement.mid";6;2;4707
423;"./BEETHOVEN LUDWIG VAN/Sonata No. 26 in E-Flat Major, Op. 81a, Les Adiex, First Movement.mid";6;2;8358
424;"./BEETHOVEN LUDWIG VAN/Sonata No. 24 in F-Sharp Major, Op. 78.mid";10;2;8056
425;"./BEETHOVEN LUDWIG VAN/Sonata No. 23 in F Minor, Op. 57, First Movement.mid";9;2;8413
426;"./BEETHOVEN LUDWIG VAN/Sonata No. 15 in D Major, Op. 28, I. Allegro.mid";8;2;6892
427;"./BEETHOVEN LUDWIG VAN/Sonata No. 21 in C Major, Op. 53, 1st mov..mid";9;2;3518
428;"./BEETHOVEN LUDWIG VAN/Sonata No. 32 in C Minor, Op. 111 (Complete).mid";26;2;22522
429;"./BEETHOVEN LUDWIG VAN/Fantasia, Op. 77.mid";9;2;2875
430;"./BEETHOVEN LUDWIG VAN/Sonata No. 30 in E Major, Op. 109.mid";20;2;22517
431;"./BEETHOVEN LUDWIG VAN/Sonata No. 27, Op. 90, I. Mit Lebhaftigkeit und durchaus mit Empfindung und Ausdruck.mid";5;2;8515
432;"./BEETHOVEN LUDWIG VAN/Sonata No. 17 in D Minor, Op. 31 No. 2, 1st Movement.mid";8;2;7218
433;"./BEETHOVEN LUDWIG VAN/Sonata No. 23 in F Minor, Op. 57 (Complete).mid";21;2;21800
434;"./BEETHOVEN LUDWIG VAN/Sonata in A-flat, Op. 110.mid";20;2;25179
435;"./BEETHOVEN LUDWIG VAN/Sonata No. 3 in C Major, Op. 2 No. 3, First Movement.mid";7;2;4068
436;"./SATIE ERIK/Gnossiennes 1890 3 K.Oguri - Lent.mid";3;3;194
437;"./SATIE ERIK/Gymnopedie No.3.mid";2;1;119
438;"./SATIE ERIK/Gnossiennes 1890 2 K.Oguri - Etonnement.mid";3;3;198
439;"./SATIE ERIK/Gnossiennes 1890 1 K.Oguri - Lent.mid";4;3;302
440;"./ABBA/S_O_S.mid";3;1;90
441;"./PAGANINI NICCOLÒ/Etude No. 6 in A Minor.mid";5;2;4051
442;"./WAGNER RICHARD/Isolde's Liebestod.mid";7;2;3149
443;"./WAGNER RICHARD/IsoldasLiebestod.mid";8;2;3206
444;"./JANÁČEK LEOŠ/Sonata 1.x.1905-On the Streets.mid";15;2;10820
445;"./JANÁČEK LEOŠ/In the Mists, I. Andante  .mid";4;2;3191
446;"./JANÁČEK LEOŠ/In the Mists.mid";14;2;15127
447;"./JANÁČEK LEOŠ/Piano Sonata 1. X. 1905-From the Street.mid";14;2;8317
448;"./STRAUSS JOHANN/Soiree de Vienne, Op. 56 (Concert Paraphrase on the overture from Die Fledermaus).mid";6;2;4314
449;"./POP-BEATLES/Eleonor Rigby.mid";2;3;182
450;"./POP-BEATLES/Imagine.mid";3;2;158
451;"./POP-BEATLES/Hey Jude.mid";4;2;224
452;"./POP-BEATLES/Michelle.mid";8;4;360
453;"./PIANO BAR/You Decorated My Life.mid";3;2;190
454;"./PIANO BAR/Always.mid";2;1;198
455;"./PIANO BAR/It's All in the Game.mid";4;2;182
456;"./PIANO BAR/Secret Love.mid";5;3;416
457;"./PIANO BAR/Ain_t Misbehavin_ (Piano Solo).mid";3;1;242
458;"./PIANO BAR/Have Yourself a Merry Little.mid";4;2;289
459;"./PIANO BAR/Bewitched, Bothered and Bew.mid";3;3;172
460;"./PIANO BAR/Killing Me Softly.mid";2;3;44
461;"./PIANO BAR/All The Things You Are.mid";4;1;528
462;"./PIANO BAR/Can I Have This Dance.mid";5;2;388
463;"./PIANO BAR/I Only Have Eyes for You.mid";4;2;121
464;"./PIANO BAR/A Time Of Us (Romeo et Juliette) .mid";3;4;136
465;"./PIANO BAR/Silver Bells.mid";4;2;116
466;"./PIANO BAR/Cheeck To Cheeck.mid";4;1;206
467;"./PIANO BAR/Sometime in Winter.mid";3;2;210
468;"./PIANO BAR/Piano Man.mid";4;2;412
469;"./PIANO BAR/A Foggy Day.mid";4;1;415
470;"./PIANO BAR/Crazy- Patsy.mid";3;2;232
471;"./PIANO BAR/I Wish You Love.mid";4;2;169
472;"./PIANO BAR/If He Walked Into My Life.mid";4;3;216
473;"./PIANO BAR/Armando Manzanero - Adoro.mid";4;2;232
474;"./PIANO BAR/Stardust.mid";1;2;94
475;"./PIANO BAR/Wonderful World.mid";2;2;122
476;"./PIANO BAR/Wives and Lowers.mid";2;2;272
477;"./PIANO BAR/City of New Orleans.mid";8;2;890
478;"./PIANO BAR/The Dance.mid";4;3;195
479;"./PIANO BAR/Drift Away.mid";3;2;238
480;"./PIANO BAR/So Far Away.mid";3;2;236
481;"./PIANO BAR/Michelle.mid";8;4;360
482;"./PIANO BAR/Flight 602.mid";3;3;214
483;"./PIANO BAR/Moonlight Setenade.mid";4;2;192
484;"./PIANO BAR/Tenderly.mid";3;2;138
485;"./PIANO BAR/Honky Tonk.mid";3;2;352
486;"./PIANO BAR/O Holy Night.mid";4;2;164
487;"./GARNER ERROLL/Misty.mid";3;1;172
488;"./VERDI GIUSEPPE/Rigoletto Parap..mid";7;2;4605
489;"./MARIA VON WEBER CARL/Sonata No. 1, 2nd, 3rd and 4th movements.mid";16;2;9302
490;"./GIBBONS ORLANDO/Pavan.mid";4;2;3609
491;"./MENDELSSOHN FELIX/Scherzo from Mendelssohn's - Midsummer Night's Dream.mid";4;2;2207
492;"./MENDELSSOHN FELIX/Variations Serieuses, Op. 54.mid";12;2;15298
493;"./MENDELSSOHN FELIX/Scherzo from A Midsummer Night's Dream.mid";4;2;2391
494;"./MENDELSSOHN FELIX/Fantasy in F-sharp Minor, Op. 28 (Complete).mid";11;2;6976
495;"./MENDELSSOHN FELIX/Rondo Capriccioso in E Minor, Op. 14.mid";6;2;4832
496;"./MENDELSSOHN FELIX/Etude in A Minor.mid";1;2;273
497;"./MENDELSSOHN FELIX/Variations serieuses, Op. 54.mid";12;2;9304
498;"./MENDELSSOHN FELIX/Variations Seriouses, Op. 54.mid";11;2;9534
499;"./MENDELSSOHN FELIX/Variations Serieuses Op. 54.mid";11;2;10594
500;"./MENDELSSOHN FELIX/Scherzo.mid";4;2;4698
501;"./MENDELSSOHN FELIX/Variations sérieuses, Op. 54.mid";12;2;8653
502;"./RICHIE LIONEL/Endless Love.mid";3;2;212
503;"./FAURÉ GABRIEL/Romance sans paroles.mid";2;4;145
504;"./FAURÉ GABRIEL/Le Jardin de Dolly No.3.mid";3;4;1084
505;"./FAURÉ GABRIEL/Noctune.mid";5;3;46
506;"./ALBÉNIZ ISAAC/Tango.mid";3;2;1499
507;"./ALBÉNIZ ISAAC/Iberia Book II.mid";21;2;19118
508;"./ALBÉNIZ ISAAC/Triana from 'Iberia'.mid";4;2;2393
509;"./ALBÉNIZ ISAAC/Navarra.mid";6;2;2173
510;"./ALBÉNIZ ISAAC/Iberia, Evocation, Triana.mid";5;2;3246
511;"./ALBÉNIZ ISAAC/Evocacion from Iberia.mid";5;2;2374
512;"./ALBÉNIZ ISAAC/Asturias.mid";5;2;1961
513;"./RACHMANINOV SERGUEÏ/Prelude Op. 23, No. 2.mid";3;2;1853
514;"./RACHMANINOV SERGUEÏ/Moment Musical, Op. 16, No.4.mid";3;2;1923
515;"./RACHMANINOV SERGUEÏ/Preludes Op. 23, Nos. 2, 4 and 5.mid";12;2;5759
516;"./RACHMANINOV SERGUEÏ/Moment Musicaux, Op. 16 No. 3 in B Minor.mid";4;2;3156
517;"./RACHMANINOV SERGUEÏ/Prelude Op. 32 No. 8 in A Minor.mid";2;2;491
518;"./RACHMANINOV SERGUEÏ/Etude-Tableaux Op. 39 No. 6 in A Minor.mid";3;2;3025
519;"./RACHMANINOV SERGUEÏ/Prelude in D Major, Op. 23, No. 4.mid";4;2;1647
520;"./RACHMANINOV SERGUEÏ/Etude-Tableaux, Opus 39 No. 8 in D Minor.mid";3;2;1692
521;"./RACHMANINOV SERGUEÏ/Prelude in G-Sharp Minor,Op. 32 No. 12.mid";2;2;2047
522;"./RACHMANINOV SERGUEÏ/Etude-Tableaux, Opus 33 No. 3 in C Minor.mid";4;2;1273
523;"./RACHMANINOV SERGUEÏ/Etude-Tableau in C Minor, Op. 39, No. 1.mid";3;2;1367
524;"./RACHMANINOV SERGUEÏ/Sonata No. 2 in B-flat Minor, Op. 36.mid";11;2;5298
525;"./RACHMANINOV SERGUEÏ/Elegie in E-flat Minor, Op. 3 No. 1.mid";5;2;2510
526;"./RACHMANINOV SERGUEÏ/Sonata No. 2 in B-flat Minor, Op.36.mid";20;2;16492
527;"./RACHMANINOV SERGUEÏ/Polka de W.R..mid";4;2;4120
528;"./RACHMANINOV SERGUEÏ/Etude Tableaux Op. 39 No. 1 in C Minor.mid";3;2;2267
529;"./RACHMANINOV SERGUEÏ/Prelude Op. 32, No. 10.mid";5;2;2567
530;"./RACHMANINOV SERGUEÏ/piano_concerto_1_1_finley-simple.mid";11;3;6512
531;"./RACHMANINOV SERGUEÏ/Prelude in C-sharp Minor, Op. 3, No. 2.mid";4;2;1217
532;"./RACHMANINOV SERGUEÏ/Etude Tableau Op. 39 No. 5.mid";5;2;2049
533;"./RACHMANINOV SERGUEÏ/Prelude Op. 23 No. 6 in E-flat Major.mid";3;2;2941
534;"./RACHMANINOV SERGUEÏ/Etude Tableaux Op. 39 No. 6 in A Minor.mid";3;2;1945
535;"./RACHMANINOV SERGUEÏ/piano_concerto_1_1_finley-simple-court.mid";2;3;831
536;"./RACHMANINOV SERGUEÏ/Etude-Tableau in E-flat Minor, op. 39 No. 5.mid";5;2;1152
537;"./RACHMANINOV SERGUEÏ/Sonata No. 2 in B-flat Minor, Opus 36.mid";20;2;7660
538;"./RACHMANINOV SERGUEÏ/piano_concerto_1_2 piano.mid";5;3;1047
539;"./RACHMANINOV SERGUEÏ/Polka de - W.R.mid";4;2;1502
540;"./RACHMANINOV SERGUEÏ/Lilac.mid";2;2;1082
541;"./RACHMANINOV SERGUEÏ/Moments Musicaux, Op. 16.mid";5;2;1488
542;"./RACHMANINOV SERGUEÏ/Elegy Op. 3, No. 1.mid";6;2;1338
543;"./RACHMANINOV SERGUEÏ/Humoresque Op. 10, No. 5.mid";4;2;1690
544;"./RACHMANINOV SERGUEÏ/Etude-Tableaux Op. 39 No. 5 in E-flat Minor.mid";5;2;1216
545;"./RACHMANINOV SERGUEÏ/Polka de W. R..mid";3;2;3497
546;"./RACHMANINOV SERGUEÏ/Etude-Tableaux Op. 39 No. 5.mid";4;2;1399
547;"./RACHMANINOV SERGUEÏ/Sonata in B-flat Minor, Op.36.mid";19;2;6404
548;"./RACHMANINOV SERGUEÏ/Sonata No. 2 in B-flat Minor.mid";19;2;11320
549;"./RACHMANINOV SERGUEÏ/Prelude Op. 3 No. 2 in C-sharp Minor.mid";4;2;2327
550;"./RACHMANINOV SERGUEÏ/Moment Musicaux, Op. 16 No. 5.mid";3;2;1004
551;"./RACHMANINOV SERGUEÏ/Rhapsody on a Theme of Paganini - Variation 18.mid";3;1;474
552;"./RACHMANINOV SERGUEÏ/Etude-Tableau Op. 39 No. 6 in A Minor.mid";3;2;1379
553;"./RACHMANINOV SERGUEÏ/Moment Musicaux Op. 16 No. 4 in E Minor.mid";3;2;1974
554;"./RACHMANINOV SERGUEÏ/Flight of B.B..mid";2;2;2880
555;"./RACHMANINOV SERGUEÏ/Moment Musicaux, Op. 16 No. 4 in E Minor.mid";3;2;1279
556;"./RACHMANINOV SERGUEÏ/Etudes-Tableaux.mid";3;2;4008
557;"./RACHMANINOV SERGUEÏ/Prélude in C sharp minor_ Op3_ No2 Janis Byron.mid";4;2;276
558;"./RACHMANINOV SERGUEÏ/Sonata No. 2 in B-Flat Minor Op. 36 (1913).mid";6;2;3229
559;"./RACHMANINOV SERGUEÏ/Moments Musicaux.mid";29;2;15789
560;"./RACHMANINOV SERGUEÏ/Prelude Op. 23 No. 4 in D Major.mid";4;2;1558
561;"./RACHMANINOV SERGUEÏ/Etude-Tableau, Op. 39 No. 6 in A Minor.mid";3;2;2757
562;"./RACHMANINOV SERGUEÏ/Sonata No. 2 in B-flat Minor, Op. 36 (1913).mid";23;2;12983
563;"./RACHMANINOV SERGUEÏ/Etudes-Tableaux Op. 33.mid";23;2;15373
564;"./RACHMANINOV SERGUEÏ/Corelli Var.Op42.mid";18;2;9085
565;"./RACHMANINOV SERGUEÏ/Sonata Op. 36.mid";17;2;11983
566;"./RACHMANINOV SERGUEÏ/Italian Polka.mid";3;2;2967
567;"./RACHMANINOV SERGUEÏ/Elegie in E-Flat Minor Op. 3.mid";6;2;1987
568;"./BOSSA NOVA/Flor de Azalea.mid";2;2;154
569;"./GRIEG EDVARD/In the hall of the Mountain King.mid";2;3;215
570;"./GRIEG EDVARD/Lyric Piece in E Minor, Valse-Impromptu, Op. 47 No.1.mid";3;2;1345
571;"./GRIEG EDVARD/Lyric Piece in E Minor, Waltz, Op. 38 No. 7.mid";1;2;798
572;"./GRIEG EDVARD/Lyric Piece in A Minor, Waltz, Op. 12 No. 2.mid";2;2;1117
573;"./SAINT SAENS CAMILLE/Piano Concerto n2  g  Op. 22 3rd Mvt.mid";6;1;611
574;"./SAINT SAENS CAMILLE/The Carnival of the Animals (1886) The Swan.mid";3;1;123
575;"./SCARLATTI DOMENICO/Sonata in D Minor, K. 9.mid";4;2;2687
576;"./SCARLATTI DOMENICO/Sonata in B Minor, L. 33.mid";3;2;1649
577;"./SCARLATTI DOMENICO/Sonata in B Minor, K. 27.mid";2;2;2185
578;"./SCARLATTI DOMENICO/Sonata in D Major, K. 96 L. 465.mid";2;2;658
579;"./SCARLATTI DOMENICO/Sonata in C Major, K. 513.mid";3;2;1287
580;"./SCARLATTI DOMENICO/Sonata in D Minor, K. 9 L. 413.mid";2;2;466
581;"./SCARLATTI DOMENICO/Sonata in G Major, K. 455.mid";2;2;628
582;"./SCARLATTI DOMENICO/Sonata in D Minor, K. 141.mid";3;2;875
583;"./SCARLATTI DOMENICO/Sonata K. 525.mid";1;2;395
584;"./SCARLATTI DOMENICO/Sonata in D Major, K. 118.mid";2;2;793
585;"./SCARLATTI DOMENICO/Sonata in D Major, K. 145.mid";3;2;1373
586;"./SCARLATTI DOMENICO/Sonata in D Major, K. 576.mid";13;2;15821
587;"./SCARLATTI DOMENICO/Sonata in D Minor, K. 213.mid";4;2;5417
588;"./SCARLATTI DOMENICO/Sonata in A Major, K. 208.mid";2;2;1945
589;"./SCARLATTI DOMENICO/Sonata in B Minor, K. 87.mid";5;2;4786
590;"./SCARLATTI DOMENICO/Sonata in B Minor, K. 197.mid";5;2;7019
591;"./SCARLATTI DOMENICO/Sonata, K239.mid";3;2;2833
592;"./SCARLATTI DOMENICO/Two Sonatas.mid";6;2;4136
593;"./SCARLATTI DOMENICO/Sonata in D Major, K. 119.mid";2;2;732
594;"./SCARLATTI DOMENICO/Sonata in F Minor, K. 466.mid";4;2;5902
595;"./SCARLATTI DOMENICO/Sonata in C Major, K. 179.mid";2;2;498
596;"./SCARLATTI DOMENICO/Sonata in D Major, K96.mid";2;2;1234
597;"./SCARLATTI DOMENICO/Sonata K. 466.mid";2;2;2648
598;"./SCARLATTI DOMENICO/Sonata K. 54.mid";3;2;5078
599;"./SCARLATTI DOMENICO/Sonata in C Major, K. 132.mid";4;2;2153
600;"./SCARLATTI DOMENICO/Sonata in G Major, K. 146.mid";2;2;771
601;"./SCARLATTI DOMENICO/Sonata in C Minor, K. 84.mid";1;2;577
602;"./SCARLATTI DOMENICO/Sonata in D Major, K. 430.mid";3;2;2100
603;"./SCARLATTI DOMENICO/Sonata in D Minor, K. 1.mid";2;2;776
604;"./RAGTIME/Mimi Blais - The chevy chase EubieBlake (1914).mid";3;2;402
605;"./RAGTIME/Joshua Rifkin - Gladiolus Rag  (LP Version).mid";4;2;630
606;"./RAGTIME/Scott Joplin - Swipesy.mid";3;2;252
607;"./RAGTIME/Joshua Rifkin - Paragon Rag (2005 Digital Remaster).mid";4;2;809
608;"./RAGTIME/Max Morath - Pleasant Moments.mid";4;2;534
609;"./RAGTIME/Max Morath - The Cascades.mid";3;2;550
610;"./RAGTIME/Joshua Rifkin - Weeping Willow - A Ragtime Two-Step  (LP Version).mid";4;2;826
611;"./RAGTIME/Nouvelle in Fourths.mid";2;1;208
612;"./RAGTIME/Cataract Rag.mid";3;1;574
613;"./RAGTIME/Harlem Rag.mid";3;1;344
614;"./RAGTIME/Joshua Rifkin - Elite Synchopations (1902)  (LP Version).mid";3;2;131
615;"./RAGTIME/Joshua Rifkin - Pine Apple Rag.mid";4;2;730
616;"./RAGTIME/Max Morath - American Beauty.mid";4;2;851
617;"./RAGTIME/Joshua Rifkin - Country Club - Ragtime Two-Step  (LP Version).mid";5;2;916
618;"./RAGTIME/Max Morath - Polyragmic 8733.mid";3;2;472
619;"./KORSAKOV NIKOLAI RIMSKY/The Flight of the Bunble-Bee.mid";1;2;578
620;"./SOLER ANTONIO/Sonata No. 10 in B Minor.mid";4;2;624
621;"./HANDEL GEORGE FRIEDRICH/Suite No. 3 in D Minor.mid";14;2;3729
622;"./HANDEL GEORGE FRIEDRICH/Suite No. 2 in F Major, HWV 427 (Complete).mid";8;2;3228
623;"./HANDEL GEORGE FRIEDRICH/Chaconne in G Major, HWV 435.mid";6;2;8728
624;"./HANDEL GEORGE FRIEDRICH/Chaconne in G.mid";5;2;3216
625;"./GERSHWIN GEORGES/rhapsody_in_blue.mid";16;4;3034
626;"./MACE BOB/My Guy.mid";4;2;562
627;"./MACE BOB/Mr Bojangles 2.mid";3;2;230
628;"./MACE BOB/YOUFREND.mid";4;1;231
629;"./MACE BOB/KILLSOFT.mid";4;1;241
630;"./MACE BOB/LOVESTOR.mid";3;3;132
631;"./MACE BOB/Don't It Make Your Brown Eyes.mid";5;3;359
632;"./MACE BOB/Stand By Me.mid";3;2;251
633;"./MACE BOB/WALKNITE.mid";2;2;222
634;"./MACE BOB/She Believes in Me.mid";4;2;158
635;"./MACE BOB/Cats in the Cradle.mid";4;2;283
636;"./MACE BOB/THEMOSTB.mid";3;3;227
637;"./MACE BOB/THEDANCE.mid";3;3;191
638;"./MACE BOB/Im_beginning_to_see_the_light_bm.mid";2;2;98
639;"./MACE BOB/Fire and Rain.mid";3;2;210
640;"./MACE BOB/I'm Beginning to See the Life.mid";2;2;98
641;"./MACE BOB/One of these Days.mid";3;2;150
642;"./MACE BOB/MISTY_SA.mid";4;2;210
643;"./MACE BOB/NATALIE.mid";4;2;296
644;"./MACE BOB/McArthur.mid";5;2;400
645;"./MACE BOB/Thisboy.mid";3;2;191
646;"./MACE BOB/Careless Whisper.mid";4;2;160
647;"./MACE BOB/STANDBYM.mid";3;2;251
648;"./MACE BOB/SEPTEMBE.mid";3;3;202
649;"./MACE BOB/CLASSICA.mid";2;2;248
650;"./MACE BOB/AMAZED.mid";2;2;258
651;"./MACE BOB/Classical Gas.mid";2;2;248
652;"./MACE BOB/POORSIDE.mid";4;2;210
653;"./MACE BOB/YOUDECOR.mid";3;2;190
654;"./MACE BOB/KILLINGM.mid";4;3;241
655;"./MACE BOB/DRIFTAWA.mid";3;4;238
656;"./MACE BOB/AVERYSPE.mid";4;2;215
657;"./MACE BOB/I Honestly Love You.mid";3;2;186
658;"./MACE BOB/UNCHAIND.mid";4;2;178
659;"./MACE BOB/Just the Two of Us.mid";3;3;386
660;"./MACE BOB/CARELESS.mid";4;2;160
661;"./MACE BOB/A Very Special Love Song.mid";4;2;215
662;"./MACE BOB/NO1ELSE.mid";4;3;458
663;"./MACE BOB/Misty.mid";4;2;210
664;"./MACE BOB/ONTHEWIN.mid";4;2;238
665;"./MACE BOB/Watch What Happens.mid";3;2;237
666;"./MACE BOB/THROUGHT.mid";4;2;226
667;"./MACE BOB/Doingnow.mid";3;4;215
668;"./MACE BOB/Honky Tonk Women 3.mid";3;2;352
669;"./MACE BOB/All The Things You Are.mid";2;3;112
670;"./MACE BOB/GEORGIAO.mid";5;2;382
671;"./MACE BOB/THEVERYT.mid";5;2;299
672;"./MACE BOB/DONTGETA.mid";3;3;158
673;"./MACE BOB/ANGELEYE.mid";4;2;295
674;"./MACE BOB/Don't Get Around Much.mid";3;3;158
675;"./MACE BOB/DUELINGB.mid";4;4;219
676;"./MACE BOB/The Christmas Song.mid";7;2;236
677;"./MACE BOB/Inmylife.mid";2;2;74
678;"./MACE BOB/The Very Through of You.mid";5;2;299
679;"./MACE BOB/ONCEUPON.mid";2;3;205
680;"./MACE BOB/I'm Getting Sentimental Love.mid";4;2;202
681;"./MACE BOB/SOFARAWA.mid";3;2;236
682;"./MACE BOB/CATSINTH.mid";4;2;283
683;"./MACE BOB/Eleonor Rigby.mid";2;2;183
684;"./MACE BOB/RAINYNIT.mid";4;2;196
685;"./MACE BOB/All The Things You Are 2.mid";2;2;130
686;"./MACE BOB/PIANOMAN.mid";4;2;412
687;"./MACE BOB/NOONEELS.mid";4;3;458
688;"./MACE BOB/MERCYMER.mid";9;2;344
689;"./MACE BOB/UNCHAINE.mid";4;2;178
690;"./MACE BOB/The Most Beautiful Girl.mid";4;2;207
691;"./MACE BOB/WALKINAF.mid";2;2;222
692;"./MACE BOB/SHEBELIE.mid";4;2;158
693;"./MACE BOB/Oholynit.mid";4;2;164
694;"./MACE BOB/What the World Needs Now.mid";3;2;176
695;"./MACE BOB/TENDERLY.mid";3;2;138
696;"./MACE BOB/In the Mood.mid";3;3;316
697;"./MACE BOB/BEWITCHE.mid";3;4;172
698;"./MACE BOB/COLOURMY.mid";3;4;82
699;"./MACE BOB/BLACKORW.mid";3;3;336
700;"./MACE BOB/FOOLIN.mid";3;2;56
701;"./MACE BOB/GRANDPA_.mid";4;2;212
702;"./MACE BOB/JUSTTHEW.mid";4;2;330
703;"./MACE BOB/IGESBLUE.mid";4;2;242
704;"./MACE BOB/SERENADE.mid";4;2;192
705;"./MACE BOB/Since I Fell For You.mid";5;3;336
706;"./MACE BOB/WHATTHEW.mid";3;2;176
707;"./MACE BOB/Killsoft.mid";4;2;241
708;"./MACE BOB/SHAMELES.mid";4;2;186
709;"./MACE BOB/Unchained Melody.mid";4;2;178
710;"./MACE BOB/WIVESAND.mid";2;2;272
711;"./MACE BOB/Mr Bojangles.mid";3;2;230
712;"./MACE BOB/WIVLOVER.mid";2;2;272
713;"./MACE BOB/Chill of an Earty Fall.mid";3;2;206
714;"./MACE BOB/Love Story.mid";3;3;132
715;"./MACE BOB/Crazypat.mid";3;3;232
716;"./MACE BOB/BRIGOVER.mid";4;2;294
717;"./MACE BOB/RAINYNIG.mid";4;2;196
718;"./MACE BOB/SOMETIME.mid";3;2;210
719;"./MACE BOB/Stormyw.mid";3;3;192
720;"./MACE BOB/MACARTHU.mid";5;2;400
721;"./MACE BOB/Georgia on My Mind.mid";5;2;382
722;"./MACE BOB/Cryriver.mid";3;2;170
723;"./MACE BOB/Baby, Don't Get Hooked On Mind.mid";3;2;190
724;"./MACE BOB/Watchap2.mid";3;2;240
725;"./MACE BOB/Love Me 2.mid";4;2;299
726;"./MACE BOB/Behind Closed Doors.mid";4;2;346
727;"./MACE BOB/IGUESSTH.mid";4;3;242
728;"./MACE BOB/Somewhere Over the Rainbow.mid";2;2;136
729;"./MACE BOB/I've Got a Crush on You.mid";2;2;142
730;"./MACE BOB/Imagine.mid";3;2;158
731;"./MACE BOB/TAXICHPN.mid";7;1;482
732;"./MACE BOB/Clowns.mid";3;2;113
733;"./MACE BOB/Hey Jude.mid";4;2;224
734;"./MACE BOB/Through the Years.mid";4;2;226
735;"./MACE BOB/STAIRWAY.mid";5;2;304
736;"./MACE BOB/Honky Tonk Women 2.mid";4;2;172
737;"./MACE BOB/Stairway-To-Heaven.mid";5;2;304
738;"./MACE BOB/Laura.mid";2;4;153
739;"./MACE BOB/CITYHONK.mid";8;2;890
740;"./MACE BOB/DUELING.mid";4;4;219
741;"./MACE BOB/September Morning.mid";3;3;202
742;"./MACE BOB/Then Again.mid";4;2;163
743;"./MACE BOB/Memories.mid";4;2;174
744;"./MACE BOB/I Just Can't Help Believing.mid";3;2;201
745;"./MACE BOB/Silverbl.mid";4;2;116
746;"./MACE BOB/OURHOUSE.mid";2;2;361
747;"./MACE BOB/Black or White.mid";3;3;336
748;"./MACE BOB/TAXI_HAR.mid";7;3;482
749;"./MACE BOB/Therose.mid";4;4;200
750;"./MACE BOB/It's a Kind of Hush.mid";3;2;306
751;"./MACE BOB/MEMORIES.mid";4;2;174
752;"./MACE BOB/THENAGAI.mid";4;2;163
753;"./MACE BOB/SUITE_JU.mid";7;2;990
754;"./MACE BOB/Chances are.mid";2;2;112
755;"./MACE BOB/Happy Birthday.mid";1;2;28
756;"./MACE BOB/Closwalk.mid";4;3;618
757;"./MACE BOB/IPANEMA.mid";6;4;506
758;"./MACE BOB/STILNITE.mid";4;2;176
759;"./MACE BOB/Just the Way You Are.mid";4;2;330
760;"./MACE BOB/SOMEONES.mid";6;4;480
761;"./MACE BOB/BABYDONT.mid";3;2;190
762;"./MACE BOB/ONLYEYES.mid";4;2;121
763;"./MACE BOB/Younhart.mid";3;3;205
764;"./MACE BOB/Bridge Over Troubled Water.mid";4;2;304
765;"./MACE BOB/Blue Eyes.mid";3;2;124
766;"./MACE BOB/IFIWEREA.mid";5;3;524
767;"./MACE BOB/MOONDANCE2.mid";4;2;405
768;"./MACE BOB/SOUSAMAR.mid";6;2;522
769;"./MACE BOB/Honky Tonk Women 1.mid";5;4;260
770;"./MACE BOB/STARDUST.mid";1;2;94
771;"./MACE BOB/PARAGON.mid";3;3;557
772;"./PURCELL HENRY/Suite in C Major, Z. 666 (Complete).mid";9;2;5139
773;"./HURTEBIS ERIC/12barpno.mid";5;3;250
774;"./BALAKIREV MILY/Islamey.mid";8;2;8244
775;"./BALAKIREV MILY/Islamei.mid";9;2;6196
776;"./BALAKIREV MILY/In the Garden, Etude-Idyll.mid";4;2;4996
777;"./BALAKIREV MILY/Oriental Fantasy Islamey.mid";9;2;8531
778;"./BURGMULLER FRIEDRICH/Study No.2 opus.105.mid";2;4;16
779;"./BRUEL PATRICK/Je te le dis quand meme piano 1.mid";3;2;255
780;"./BIZET GEORGES/Chanson Boheme de l'Opera Carmen.mid";6;2;3344
781;"./BIZET GEORGES/Carmen Variations.mid";4;2;3938
782;"./BIZET GEORGES/Sonatina No. 6, BV284-Fantasia da Camera super Carmen.mid";9;2;3035
783;"./GRAINGER PERCY/Ramble on the Last Love - Duet.mid";7;2;4305
784;"./HUMMEL JOHAN NEPOMUK/Rondo Opus.11.mid";4;3;361
785;"./HUMMEL JOHAN NEPOMUK/Piano Sonata in F sharp Opus.81, Mov.2.mid";9;2;679
786;"./TCHAIKOVSKY PYOTR ILYICH/Dumka, Op.59.mid";8;2;6459
787;"./TCHAIKOVSKY PYOTR ILYICH/Concert Suite from the Nutcracker.mid";5;2;1279
788;"./TCHAIKOVSKY PYOTR ILYICH/Nutcracker Suite.mid";16;2;4949
789;"./TCHAIKOVSKY PYOTR ILYICH/Danse des Mirlitions - Casse-Noisette_ Op 71.mid";2;2;180
790;"./TCHAIKOVSKY PYOTR ILYICH/Die Jahreszeiten - Dezember.mid";4;1;528
791;"./TCHAIKOVSKY PYOTR ILYICH/Meditation.mid";4;2;1551
792;"./TCHAIKOVSKY PYOTR ILYICH/Intermezzo from Nutcracker Suite.mid";4;2;2279
793;"./TCHAIKOVSKY PYOTR ILYICH/Die Jahreszeiten - Februar.mid";3;1;474
794;"./TCHAIKOVSKY PYOTR ILYICH/Die Jahreszeiten - Juni.mid";4;1;390
795;"./TCHAIKOVSKY PYOTR ILYICH/Russian Scherzo Op. 1.mid";6;2;6126
796;"./TCHAIKOVSKY PYOTR ILYICH/The Seasons, Op. 37a (Selections).mid";8;2;6192
797;"./TCHAIKOVSKY PYOTR ILYICH/March from Nutcracker Suite.mid";2;2;553
798;"./TCHAIKOVSKY PYOTR ILYICH/Die Jahreszeiten - August.mid";3;1;593
799;"./TCHAIKOVSKY PYOTR ILYICH/Die Jahreszeiten - Juli.mid";2;1;194
800;"./TCHAIKOVSKY PYOTR ILYICH/Die Jahreszeiten - Januar.mid";5;1;437
801;"./TCHAIKOVSKY PYOTR ILYICH/Dumka.mid";9;2;7914
802;"./TCHAIKOVSKY PYOTR ILYICH/Die Jahreszeiten - April.mid";2;1;341
803;"./TCHAIKOVSKY PYOTR ILYICH/Lullaby Op. 16, No. 1.mid";5;2;2418
804;"./TCHAIKOVSKY PYOTR ILYICH/Concert Suite from the Ballet Nutcracker.mid";16;2;4487
805;"./TCHAIKOVSKY PYOTR ILYICH/Lullaby.mid";4;2;4213
806;"./TCHAIKOVSKY PYOTR ILYICH/Andante Maestoso from Nutcracker Suite.mid";5;2;1460
807;"./TCHAIKOVSKY PYOTR ILYICH/Dumka, Op. 59.mid";8;2;8936
808;"./DVORAK ANTONIN/Humoresque.mid";3;2;306
809;"./LISZT FRANZ/Hungarian Rhapsody No. 9 in E-flat Major, S. 244.mid";11;2;6154
810;"./LISZT FRANZ/Rhapsodie Espagnole, S. 254.mid";13;2;6196
811;"./LISZT FRANZ/Concert Etude La Leggierezza.mid";5;2;3126
812;"./LISZT FRANZ/Aprés une lecture de Dante Fantasia quasi Sonata, S.161, No. 7.mid";17;2;6954
813;"./LISZT FRANZ/La Campanella.mid";4;2;1780
814;"./LISZT FRANZ/Transcendental Etude No. 11 Harmonies du Soir.mid";10;2;9183
815;"./LISZT FRANZ/Concert Etude Gnomenreigen.mid";3;2;3428
816;"./LISZT FRANZ/Tristan and Isolde - Liebestod, S.447.mid";6;2;1542
817;"./LISZT FRANZ/Sonetto 123 del Petrarca.mid";7;2;3333
818;"./LISZT FRANZ/Transcendental Etude No. 4 Mazeppa.mid";8;2;9145
819;"./LISZT FRANZ/Funerailles.mid";10;2;8724
820;"./LISZT FRANZ/Rem. of Don Juan.mid";17;2;9113
821;"./LISZT FRANZ/Trois Etudes de Concert La leggierezza, S.144.mid";5;2;2243
822;"./LISZT FRANZ/Hungarian Rhapsody No. 15 in A Minor.mid";5;2;2841
823;"./LISZT FRANZ/Hungarian Rhapsody No. 13 (arr. Volodos).mid";7;2;4540
824;"./LISZT FRANZ/Transcendental Etude No. 5 Feux Follets.mid";4;2;1687
825;"./LISZT FRANZ/Ballade No. 2 in B Minor, S 171.mid";12;2;5290
826;"./LISZT FRANZ/Valse-Impromptu, S. 213.mid";6;2;7571
827;"./LISZT FRANZ/Tarantella, Venezia e Napoli in G Minor, S.159.mid";8;2;8204
828;"./LISZT FRANZ/Sonata in B Minor, S. 178.mid";25;2;11744
829;"./LISZT FRANZ/Hungarian Rhapsody, No. 12.mid";9;2;6840
830;"./LISZT FRANZ/Transcendental Etude No. 1 Prelude.mid";1;2;1090
831;"./LISZT FRANZ/Concert Etude No. 2 La Leggierezza, S. 144.mid";5;2;3809
832;"./LISZT FRANZ/Rhapsodie Espagnole.mid";13;2;11225
833;"./LISZT FRANZ/Concert Etude No. 2 Gnomenreigen.mid";3;2;1521
834;"./LISZT FRANZ/Transcendental Etude No. 12 Chasse-neige.mid";4;2;1932
835;"./LISZT FRANZ/Grandes Etudes de Paganini, S. 141.mid";27;2;31447
836;"./LISZT FRANZ/Mephisto Waltz No. 1.mid";11;2;4544
837;"./LISZT FRANZ/Venezia e Napoli, S.162 (Complete).mid";17;2;6631
838;"./LISZT FRANZ/Rigoletto Paraphrase, S. 434.mid";6;2;3746
839;"./LISZT FRANZ/Ballade No. 2 in B Minor, S. 171.mid";14;2;10334
840;"./LISZT FRANZ/Transcendental Etude No. 9, 'Ricordanza'.mid";9;2;4663
841;"./LISZT FRANZ/Sonetto 104 del Petrarca.mid";7;2;4235
842;"./LISZT FRANZ/Au bord d'une source.mid";4;2;2601
843;"./LISZT FRANZ/Transcendental Etude No. 2, Molto vivace.mid";2;2;2895
844;"./LISZT FRANZ/Réminiscences de Don Juan, S.418.mid";16;2;14522
845;"./LISZT FRANZ/Mephisto-Waltz No. 1.mid";11;2;8143
846;"./LISZT FRANZ/Transcendental Etude No. 3 Paysage.mid";4;2;6897
847;"./LISZT FRANZ/Transcendental Etude No. 5 Feux Follets, S.139, No. 5.mid";4;2;2824
848;"./LISZT FRANZ/Tarantella, S. 162 No. 3 from Venezia e Napoli.mid";8;2;5880
849;"./LISZT FRANZ/Hungarian Rhapsody No. 9.mid";11;2;9984
850;"./LISZT FRANZ/Hungarian Rhapsody.mid";10;2;4568
851;"./LISZT FRANZ/Grandes ètudes de Paganini No. 3 La Campanella, S. 141.mid";5;2;2568
852;"./LISZT FRANZ/Sonata in B Min..mid";23;2;14052
853;"./LISZT FRANZ/Tarantella.mid";9;2;5097
854;"./LISZT FRANZ/Venezia e Napoli.mid";7;2;3863
855;"./LISZT FRANZ/Annes de Pelerinage III Le jeux d'eau a la Villa d'Este.mid";7;2;3510
856;"./LISZT FRANZ/Transcendental Etude No. 10 in F Minor.mid";4;2;2827
857;"./LISZT FRANZ/Concert Etude Un Sospiro.mid";6;2;5392
858;"./LISZT FRANZ/Rigoletto-Paraphrase.mid";7;2;5697
859;"./LISZT FRANZ/Rigoletto Paraphrase.mid";7;2;8024
860;"./LISZT FRANZ/Rhapsodie Espagnole, S.254.mid";13;2;7419
861;"./LISZT FRANZ/Transcendental Etude No. 8 Wilde Jagd.mid";5;2;2659
862;"./LISZT FRANZ/Paraphrase de concert sur Rigoletto, S.434.mid";7;2;4737
863;"./LISZT FRANZ/Concert Etude No. 2, La leggierezza, S. 144.mid";5;2;6067
864;"./LISZT FRANZ/Rhapsodie Espagnole S.254.mid";13;2;9402
865;"./LISZT FRANZ/Tarantelle di Bravura, S. 386.mid";10;2;4443
866;"./LISZT FRANZ/Hungarian Rhapsody No. 15 (Horowitz edition).mid";5;2;5189
867;"./LISZT FRANZ/Valse de l'opera Faust de Charles Gounod, S.407.mid";9;2;5567
868;"./LISZT FRANZ/Mephisto Waltz No. 1, S.514.mid";11;2;4381
869;"./LISZT FRANZ/Tarantella from Annees de Pelerinage 2eme Annee.mid";9;2;7853
870;"./LISZT FRANZ/Après une lecture de Dante Fantasia quasi Sonata, S.161, No. 7.mid";17;2;7040
871;"./LISZT FRANZ/Sonata In B Minor, S. 178.mid";28;2;23133
872;"./LISZT FRANZ/Hungarian Rhapsody No. 2 (Horowitz Edition).mid";9;2;6047
873;"./LISZT FRANZ/Venezia e Napoli, S. 162.mid";17;2;12855
874;"./LISZT FRANZ/Polonaise in E Major.mid";8;2;6252
875;"./LISZT FRANZ/Rhapsody Esp..mid";13;2;8993
876;"./LISZT FRANZ/Transcendental Etude No. 4, Mazeppa.mid";7;2;3374
877;"./LISZT FRANZ/Mephisto Waltz.mid";11;2;6838
878;"./LISZT FRANZ/Spanish Rhapsody.mid";13;2;10788
879;"./LISZT FRANZ/Concert Etude Waldesrauschen.mid";4;2;5433
880;"./LISZT FRANZ/Dante Sonata.mid";16;2;9782
881;"./LISZT FRANZ/Transcendental Etude No. 10 in F Minor Appassionata.mid";5;2;5868
882;"./LISZT FRANZ/Transcendental Etude No. 1, Preludio.mid";1;2;517
883;"./CLEMENTI MUZIO/Sonata Op. 25 No. 5 in F-sharp Minor, First Movement.mid";4;2;3749
884;"./CLEMENTI MUZIO/Sonata Bb, Op. 24, No. 2.mid";11;2;7234
885;"./CLEMENTI MUZIO/Sonata in F# Min.mid";11;2;12483
886;"./CLEMENTI MUZIO/Sonata in B-flat Major, Op.24, No. 2.mid";11;2;10945
887;"./CLEMENTI MUZIO/Sonata in F-sharp minor, op. 25 no. 5, 1st mov..mid";5;2;5639
888;"./SCRIABINE ALEXANDER/Sonata No. 5 in F-sharp Minor, Op. 53.mid";11;2;3219
889;"./SCRIABINE ALEXANDER/Waltz, Op. 38.mid";5;2;1298
890;"./SCRIABINE ALEXANDER/Sonata No. 9, Op. 68, Black Mass.mid";9;2;10241
891;"./SCRIABINE ALEXANDER/Etude Op. 8, No. 13.mid";3;2;2445
892;"./SCRIABINE ALEXANDER/Prelude and Nocturne for Left Hand, Op. 9.mid";8;2;4124
893;"./SCRIABINE ALEXANDER/Sonata No. 4 in F-sharp Major ,Op.30.mid";7;2;2855
894;"./SCRIABINE ALEXANDER/Etude Op. 2 No.1;  Etudes Op. 8, Nos. 5, 11 and 12.mid";9;2;2692
895;"./SCRIABINE ALEXANDER/Sonata No. 9.mid";7;2;4017
896;"./SCRIABINE ALEXANDER/Etudes from Op.8.mid";9;2;6740
897;"./SCRIABINE ALEXANDER/Entragete, Op.63.mid";3;2;2162
898;"./SCRIABINE ALEXANDER/3 Etudes, Op. 65.mid";7;2;4375
899;"./SCRIABINE ALEXANDER/Mazurka opus.24 No.4.mid";4;3;530
900;"./SCRIABINE ALEXANDER/Fantasy Op. 28 in B Minor.mid";9;2;4478
901;"./SCRIABINE ALEXANDER/Sonata No. 5, Op. 53.mid";11;2;3491
902;"./SCRIABINE ALEXANDER/Sonata No. 9, Op. 68.mid";9;2;6020
903;"./SCRIABINE ALEXANDER/Sonata No. 3 in F-sharp Minor, Op. 23.mid";19;2;21116
904;"./SCRIABINE ALEXANDER/Etude in D-flat Major, Op. 8 No. 10.mid";2;2;876
905;"./SCRIABINE ALEXANDER/Fantasy, Op. 28.mid";8;2;1539
906;"./SCRIABINE ALEXANDER/Two Impromptus, Op. 14 (Complete).mid";6;2;1864
907;"./SCRIABINE ALEXANDER/Sonata No. 2 in G-sharp Minor, Op. 19 (Complete).mid";11;2;5544
908;"./SCRIABINE ALEXANDER/Mazurka opus.1.mid";2;1;327
909;"./SCRIABINE ALEXANDER/Etude Op. 42, Nos. 4 & 5.mid";2;2;2223
910;"./SCRIABINE ALEXANDER/5 Preludes, Op.15.mid";7;2;2555
911;"./SCRIABINE ALEXANDER/Fantasy in B Minor, Op. 28.mid";8;2;3925
912;"./SCRIABINE ALEXANDER/Sonata No. 2.mid";10;2;8825
913;"./SCRIABINE ALEXANDER/24 Preludes Op. 11, No. 13-24.mid";15;2;9882
914;"./SCRIABINE ALEXANDER/Sonata No. 2 in G-sharp Minor, Op. 19.mid";11;2;11893
915;"./SCRIABINE ALEXANDER/Fragilite, Op.51.mid";2;2;998
916;"./POP-70/Morris Albert - Feelings.mid";3;2;158
917;"./MISC/SENS - FORBIDDEN LOVE.mid";3;3;118
918;"./FRANCK CÉSAR/Prelude, Fugue et Variation, Op. 18, Arrangement Delle Vigne.mid";11;2;10556
919;"./FRANCK CÉSAR/Prélude, chorale, et fugue, M. 21.mid";12;2;3587
920;"./FRANCK CÉSAR/Prelude, Choral et Fugue.mid";17;2;16725
921;"./PACHELBEL JOHANN/Chaconne in F Minor.mid";3;2;2710
922;"./POULENC FRANÇIS/From -chansons villegeoiges- Le retour du sergeant.mid";1;1;138
923;"./SCHUMANN ROBERT/Toccata in C, Op. 7.mid";7;2;10379
924;"./SCHUMANN ROBERT/Romances Op. 28, Nos. 2 and 3.mid";7;2;7305
925;"./SCHUMANN ROBERT/ABEGG Variations, Op. 1.mid";8;2;6773
926;"./SCHUMANN ROBERT/Kreisleriana, Op. 16 (Complete).mid";34;2;15915
927;"./SCHUMANN ROBERT/Fantasie Op. 17.mid";32;2;34031
928;"./SCHUMANN ROBERT/Toccata in C Major, Opus 7.mid";5;2;5331
929;"./SCHUMANN ROBERT/Kreisleriana, Op. 16.mid";32;2;25827
930;"./SCHUMANN ROBERT/Intermezzi, Opus 4.mid";22;2;20963
931;"./SCHUMANN ROBERT/Symphonic Etudes.mid";27;2;17631
932;"./SCHUMANN ROBERT/Symphonic Etudes, Op. 13 (with Posthumous Etudes).mid";27;2;14074
933;"./SCHUMANN ROBERT/Carnaval, Op. 9.mid";21;2;13500
934;"./SCHUMANN ROBERT/Kreisleriana, Op. 16 (1st edition) (Complete).mid";31;2;17509
935;"./SCHUMANN ROBERT/Carnaval, Op. 9 n12 Chiarina-Youri Egorov.mid";2;1;137
936;"./SCHUMANN ROBERT/Gesänge der Frühe, Op. 133.mid";11;2;4956
937;"./SCHUMANN ROBERT/Kreisleriana.mid";31;2;29802
938;"./SCHUMANN ROBERT/Sonata F# Minor.mid";30;2;27874
939;"./SCHUMANN ROBERT/Humoresque, Op. 20.mid";27;2;14860
940;"./SCHUMANN ROBERT/Davidsbundlertanze, Op. 6.mid";35;2;25772
941;"./SCHUMANN ROBERT/ABEGG Variations Op. 1.mid";8;2;7939
942;"./SCHUMANN ROBERT/Toccata in C Major, Op. 7.mid";5;2;4608
943;"./SCHUMANN ROBERT/Symphonic Etudes Op. 13.mid";25;2;14891
944;"./SCHUMANN ROBERT/Toccata Op. 7.mid";5;2;7009
945;"./SCHUMANN ROBERT/ABEGG Op. 1.mid";7;2;7324
946;"./SCHUMANN ROBERT/Kinderszenen_ Op 15 Scenes from Childhood3 Hasche-Mann V. Horowitz.mid";1;2;56
947;"./SCHUMANN ROBERT/Fantasy in C Major, Op. 17.mid";34;2;20462
948;"./SCHUMANN ROBERT/Symphonic Etudes, Op. 13.mid";18;2;9438
949;"./SCHUMANN ROBERT/Arabesque, Op. 18.mid";6;2;3832
950;"./SCHUMANN ROBERT/Variations on a Theme by Clara Wieck (Sonata No.3, op.14- III) - Variation II.mid";2;1;171
951;"./SCHUMANN ROBERT/Sonata No. 2 in G Minor, Op. 22.mid";16;2;18067
952;"./SCHUMANN ROBERT/Sonata No. 2 in G Minor, Op. 22 (Complete).mid";16;2;13288
953;"./SCHUMANN ROBERT/Symphonic Etudes Op. 13 (with Posthumous variations).mid";35;2;46165
954;"./SCHUMANN ROBERT/Widmung.mid";3;2;3198
955;"./SCHUMANN ROBERT/Papillons Op.2-Andras Schiff.mid";16;1;1698
956;"./SCHUMANN ROBERT/Sonata No. 1 in F-sharp Minor, Op. 11.mid";26;2;15964
957;"./SCHUMANN ROBERT/Sonata No. 1 in F-Sharp Minor, Op. 11 (Complete).mid";32;2;18866
958;"./SCHUMANN ROBERT/Fantasy Pieces, Op. 12.mid";21;2;19832
959;"./DEBUSSY CLAUDE/Jardins sous la pluie from Estampes.mid";3;2;3332
960;"./DEBUSSY CLAUDE/Preludes, Book II, VII - La terasse des audiences du clair de lune.mid";4;2;1265
961;"./DEBUSSY CLAUDE/Etude No. 6, Book I, Pour les huits doigts.mid";1;2;1120
962;"./DEBUSSY CLAUDE/Images Book II.mid";11;2;4299
963;"./DEBUSSY CLAUDE/Etude No. 7 Study in Chromatic Steps.mid";2;2;1812
964;"./DEBUSSY CLAUDE/Four Preludes.mid";11;2;11816
965;"./DEBUSSY CLAUDE/Images, Book I.mid";15;2;15130
966;"./DEBUSSY CLAUDE/Prelude No. 6, Book I, Des pas sur la neige.mid";4;2;5413
967;"./DEBUSSY CLAUDE/Feux d'artifice.mid";4;2;2505
968;"./DEBUSSY CLAUDE/Pagodas from Estampes No. 1.mid";6;2;339
969;"./DEBUSSY CLAUDE/Images, Series I.mid";15;2;6354
970;"./DEBUSSY CLAUDE/Images, Book I, Reflets dans l'eau.mid";5;2;3450
971;"./DEBUSSY CLAUDE/L'isle joyeuse, L. 106.mid";6;2;3932
972;"./DEBUSSY CLAUDE/Three Etudes.mid";12;2;12313
973;"./DEBUSSY CLAUDE/Ondine from Book II.mid";3;2;1688
974;"./DEBUSSY CLAUDE/Preludes Book II Feux d'artifice, L 123, No. 12.mid";4;2;680
975;"./DEBUSSY CLAUDE/Bruyeres.mid";16;2;12265
976;"./DEBUSSY CLAUDE/Arabesque No.1.mid";4;1;1186
977;"./DEBUSSY CLAUDE/Estampes (Complete).mid";14;2;8132
978;"./DEBUSSY CLAUDE/Les collines d'Anacapri from Preludes, Book I.mid";3;2;2140
979;"./DEBUSSY CLAUDE/Suite Bergamasque.mid";16;2;15411
980;"./DEBUSSY CLAUDE/L'isle joyeuse.mid";6;2;3925
981;"./DEBUSSY CLAUDE/Etude Pour les accords.mid";5;2;3567
982;"./DEBUSSY CLAUDE/Children's Corner.mid";2;2;473
983;"./DEBUSSY CLAUDE/Etude Pour le arpeges composes.mid";5;2;2792
984;"./DEBUSSY CLAUDE/Pour le piano (Complete).mid";12;2;8062
985;"./DEBUSSY CLAUDE/Preludes No. 2, 6, 12.mid";4;2;1350
986;"./DEBUSSY CLAUDE/Feux d'artifice from Book II.mid";4;2;2567
987;"./DEBUSSY CLAUDE/Image (Book II).mid";12;2;6175
988;"./DEBUSSY CLAUDE/Barcarolle, Op. 60.mid";8;2;6532
989;"./DEBUSSY CLAUDE/L'Isle Joyeuse.mid";5;2;2957
990;"./DEBUSSY CLAUDE/Images Book 1 (Complete), L 110.mid";15;2;5636
991;"./DEBUSSY CLAUDE/Preludes, Book II, III - La puerta del vino.mid";3;2;1433
992;"./DEBUSSY CLAUDE/Preludes, Book II, L 123, IV. «Les fées sont d'exquises danseuses».mid";3;2;1452
993;"./DEBUSSY CLAUDE/Les Collines d'Anacapri from Book I.mid";3;2;2630
994;"./DEBUSSY CLAUDE/Prelude No. 7, Book II, La terrasse des audiences du clair de lune.mid";5;2;4628
995;"./DEBUSSY CLAUDE/Prelude No. 24 Fireworks.mid";5;2;3979
996;"./DEBUSSY CLAUDE/Voiles from Preludes, Book I.mid";4;2;1256
997;"./DEBUSSY CLAUDE/Images, Book II.mid";14;2;16970
998;"./DEBUSSY CLAUDE/Preludes, Book II, L 123 (Complete).mid";41;2;13883
999;"./DEBUSSY CLAUDE/Etude Pour les huit doigts.mid";2;2;2374
1000;"./DEBUSSY CLAUDE/Images, Book II, Poissons d'or.mid";4;2;4035
1001;"./GLINKA MIKHAIL/Lark.mid";5;2;4295
1002;"./GOUNOD CHARLES/Faust Waltz.mid";9;2;7158
1003;"./JAZZ/Shiny Stockings.mid";4;3;440
1004;"./SCHUBERT FRANZ/Valse-Caprice No. 6 from Soirees de Vienne.mid";7;2;3487
1005;"./SCHUBERT FRANZ/Sonata in C Minor, D. 960.mid";3;2;1581
1006;"./SCHUBERT FRANZ/Impromptu Op.142 No.3, in B-Flat Major, D935.mid";7;2;2787
1007;"./SCHUBERT FRANZ/Sonata in C  Minor, D. 960.mid";3;2;4936
1008;"./SCHUBERT FRANZ/Song Transcriptions-Aufenthalt, Gretchen am Spinnrade, Standchen von Shakespeare, Der Erlkonig.mid";4;2;2693
1009;"./SCHUBERT FRANZ/Impromptu Op. 90 No. 2.mid";4;2;4363
1010;"./SCHUBERT FRANZ/Sonata in C  Minor, D. 961.mid";9;2;11711
1011;"./SCHUBERT FRANZ/Sonata in B-flat Major, D. 961.mid";11;2;9528
1012;"./SCHUBERT FRANZ/Sonata in A Minor, D. 537, I. Allegro ma non troppo.mid";5;2;6073
1013;"./SCHUBERT FRANZ/Der Mueller und der Bach.mid";5;2;4308
1014;"./SCHUBERT FRANZ/Sonata in C Minor, D. 958.mid";8;2;7508
1015;"./SCHUBERT FRANZ/Sonata in A Min..mid";5;2;5059
1016;"./SCHUBERT FRANZ/Impromptus Op. 90, No. 3.mid";6;2;3385
1017;"./SCHUBERT FRANZ/Sonata in C Minor, D958.mid";29;2;36279
1018;"./SCHUBERT FRANZ/Der Mueller und der Bach2.mid";6;2;3847
1019;"./SCHUBERT FRANZ/Sonata in G Major, D. 895.mid";8;2;8640
1020;"./SCHUBERT FRANZ/Impromptu Op. 142 No. 3 in B-flat Major, D. 935.mid";9;2;5094
1021;"./SCHUBERT FRANZ/Sonata in C  Minor, D. 959.mid";8;2;11285
1022;"./SCHUBERT FRANZ/Son. in Bb D.961.mid";10;2;9294
1023;"./SCHUBERT FRANZ/Standchen, S. 558, NO. 9, Horch, horch! Die Lerch.mid";3;2;1372
1024;"./SCHUBERT FRANZ/Sonata in G Major, D894.mid";11;2;8359
1025;"./SCHUBERT FRANZ/Impromptu Op. 90 No. 1.mid";9;2;13544
1026;"./SCHUBERT FRANZ/Sonata in B-flat Major D. 960.mid";15;2;19798
1027;"./SCHUBERT FRANZ/Impromptu Op. 90 No. 1, in C Minor, D899.mid";9;2;12820
1028;"./SCHUBERT FRANZ/Sonata in B-flat Major, D. 960 (Complete).mid";44;2;33308
1029;"./SCHUBERT FRANZ/Fruelingsglaube, Die Junge Nonne.mid";8;2;7784
1030;"./SCHUBERT FRANZ/Erlkoenig.mid";5;2;3783
1031;"./SCHUBERT FRANZ/Impromptu Op. 90 No. 2 in E-flat Major.mid";5;2;4266
1032;"./SCHUBERT FRANZ/Sonata in B-flat Major D. 963.mid";7;2;8953
1033;"./SCHUBERT FRANZ/Impromptu Op. 90 No. 3 in G-flat Major, D. 899.mid";6;2;8522
1034;"./SCHUBERT FRANZ/Fantasia in C Major, Wanderer, D. 760.mid";20;2;12673
1035;"./SCHUBERT FRANZ/Sonata in D Major, D. 850 (Complete).mid";33;2;17849
1036;"./SCHUBERT FRANZ/Sonata in C Major, D843.mid";9;2;4780
1037;"./SCHUBERT FRANZ/Impromptu Op. 90, No. 3, in G-flat Major, D899.mid";5;2;6048
1038;"./SCHUBERT FRANZ/Impromptu Op. 142 No. 4, in F Minor, D935.mid";6;2;4203
1039;"./SCHUBERT FRANZ/Impromptu Op. 90 No. 1 in C Minor, D. 899.mid";9;2;6413
1040;"./SCHUBERT FRANZ/Sonata in B-flat Major, D. 962.mid";4;2;4999
1041;"./SCHUBERT FRANZ/Sonata in B-flat Major, D. 960.mid";16;2;23192
1042;"./SCHUBERT FRANZ/Sonata in A D961.mid";14;2;17194
1043;"./SCHUBERT FRANZ/Die Forelle.mid";4;2;3732
1044;"./SCHUBERT FRANZ/Son. in Bb D.962.mid";12;2;13973
1045;"./SCHUBERT FRANZ/Sonata in A Major, Op. 120, I. Allegro moderato.mid";6;2;4941
1046;"./SCHUBERT FRANZ/Sonata in A Minor, D. 846.mid";7;2;8186
1047;"./SCHUBERT FRANZ/Quintette en la majeur D.667 - La truite - piano.mid";3;4;499
1048;"./SCHUBERT FRANZ/Sonata in G Major D894.mid";33;2;51286
1049;"./SCHUBERT FRANZ/Sonata in G Major, D 894.mid";8;2;6352
1050;"./SCHUBERT FRANZ/Sonata in A Major, D. 664 (Complete).mid";15;2;22911
1051;"./SCHUBERT FRANZ/Son. in Bb D.960.mid";14;2;15592
1052;"./SCHUBERT FRANZ/Impromptu Op. 142 No. 1 F Minor.mid";10;2;10652
1053;"./SCHUBERT FRANZ/Impromptu Op. 142 No. 3 in B-flat Major, D935.mid";12;2;9729
1054;"./SCHUBERT FRANZ/Sonata in A D960.mid";7;2;7045
1055;"./SCHUBERT FRANZ/Impromptu Op. 90 No. 3 in G-flat Major.mid";6;2;4003
1056;"./SCHUBERT FRANZ/Sonata in C Minor, D. 959.mid";10;2;7737
1057;"./SCHUBERT FRANZ/Sonata in A D959.mid";11;2;13532
1058;"./SCHUBERT FRANZ/Sonata in C Major, D840.mid";12;2;7374
1059;"./SCHUBERT FRANZ/Impromptu Op. 142 No. 4 in F Minor, D. 935.mid";6;2;5599
1060;"./SCHUBERT FRANZ/Impromptu Op. 90 No. 2 in E-flat Major, D899.mid";4;2;2473
1061;"./SCHUBERT FRANZ/Sonata in A Major, D959.mid";37;2;22065
1062;"./SCHUBERT FRANZ/Sonata in G Major, D. 897.mid";8;2;5117
1063;"./SCHUBERT FRANZ/Impromptu Op. 142 No. 3 in B-Flat Major, D935.mid";11;2;8708
1064;"./SCHUBERT FRANZ/Moment Musical Op. 94 No. 4, in C-sharp Minor, D780.mid";5;2;7703
1065;"./SCHUBERT FRANZ/Wanderer Fantasy.mid";21;2;30504
1066;"./SCHUBERT FRANZ/Moment Musicaux in F Minor, Op. 94 No. 3.mid";2;2;1801
1067;"./SCHUBERT FRANZ/Gretchen am Spinnrade2.mid";4;2;4374
1068;"./SCHUBERT FRANZ/Sonata in C Major, D842.mid";5;2;4332
1069;"./SCHUBERT FRANZ/Impromptu Op. 90 No. 2 in E-flat Major, D. 899.mid";5;2;5640
1070;"./SCHUBERT FRANZ/Sonata in G Major, D. 894.mid";15;2;15553
1071;"./SCHUBERT FRANZ/Sonata in G Major, D. 896.mid";4;2;3209
1072;"./SCHUBERT FRANZ/Sonata in C Minor, D. 961.mid";9;2;3332
1073;"./SCHUBERT FRANZ/Sonata in A Major, D. 959 (Complete).mid";41;2;40153
1074;"./SCHUBERT FRANZ/Sonata in D Major, D850.mid";39;2;53696
1075;"./SCHUBERT FRANZ/Impromptu Op. 90 No. 4 in A-flat Major.mid";6;2;6477
1076;"./SCHUBERT FRANZ/Sonata in B-flat Major, D960.mid";40;2;54516
1077;"./SCHUBERT FRANZ/Impromptu Op. 90 No. 2 E-flat Major.mid";4;2;4159
1078;"./SCHUBERT FRANZ/Sonata in A minor, D. 845 (Complete).mid";28;2;13528
1079;"./SCHUBERT FRANZ/Impromptu Op. 90 No. 1 in C Minor.mid";9;2;5683
1080;"./SCHUBERT FRANZ/Sonata in A Minor, D. 848.mid";5;2;4240
1081;"./SCHUBERT FRANZ/Impromptu Op. 142 No. 1 in F Minor, D935.mid";10;2;4111
1082;"./SCHUBERT FRANZ/Sonata in A Minor, D. 847.mid";5;2;4026
1083;"./SCHUBERT FRANZ/Sonata in B-flat Major, D. 963.mid";9;2;11517
1084;"./SCHUBERT FRANZ/Impromptu Op. 142 No. 3, in B-Flat Major, D935.mid";7;2;7408
1085;"./SCHUBERT FRANZ/Sonata in C Major, D841.mid";9;2;8149
1086;"./SCHUBERT FRANZ/Impromptu Op. 142 No. 1 in F Minor, D. 935.mid";9;2;10659
1087;"./SCHUBERT FRANZ/Sonata in C  Minor, D. 958.mid";8;2;10928
1088;"./SCHUBERT FRANZ/Impromptu Op. 90 No. 3, in G-flat Major, D899.mid";4;2;4173
1089;"./SCHUBERT FRANZ/Sonata in C Minor, D. 958 (Complete).mid";29;2;19418
1090;"./SCHUBERT FRANZ/Sonata in B-flat Major D. 962.mid";4;2;860
1091;"./SCHUBERT FRANZ/Sonata in B-flat Major D. 961.mid";11;2;12138
1092;"./SCHUBERT FRANZ/Moment Musical Op. 94 No. 4 in C-sharp Minor, D780.mid";7;2;7699
1093;"./SCHUBERT FRANZ/Sonata in A Minor, D845.mid";31;2;32956
1094;"./SCHUBERT FRANZ/Impromptu Op. 90 No. 3 in G-flat Major, D899.mid";6;2;3214
1095;"./SCHUBERT FRANZ/Impromptu Op. 90 No. 3 in G-flat.mid";5;2;7031
1096;"./SCHUBERT FRANZ/Sonata in A D962.mid";11;2;10886
1097;"./SCHUBERT FRANZ/Sonata in A Minor, D. 845.mid";8;2;6537
1098;"./SCHUBERT FRANZ/Impromptu Op. 142 No. 3 in B-flat Major.mid";8;2;5762
1099;"./SCHUBERT FRANZ/Moment Musical Op. 94 No. 1 in C Major.mid";6;2;6659
1100;"./SCHUBERT FRANZ/Impromptu Op. 142 No. 1, in F Minor, D935.mid";9;2;11408
1101;"./SCHUBERT FRANZ/Sonata in A Minor, D784.mid";23;2;25982
1102;"./SCHUBERT FRANZ/Marche-Militaire-in-D-Major-Nr-1.mid";6;3;936
1103;"./SCHUBERT FRANZ/Impromptus Op. 90.mid";11;2;15185
1104;"./SCHUBERT FRANZ/Sonata in C major, D. 840 (Complete).mid";26;2;18515
1105;"./SCHUBERT FRANZ/Sonata in A Major, D. 664, I. Allegro moderato.mid";6;2;8164
1106;"./SCHUBERT FRANZ/Gretchen am Spinnrade.mid";3;2;3381
1107;"./SCHUBERT FRANZ/Impromptu Op. 142 No. 1 in F Minor.mid";11;2;12488
1108;"./POP-FRANCE/Yann Tiersen - Comptine dun autre ete2.mid";4;2;208
1109;"./POP-FRANCE/Serge Lama - Je_Suis_Malade_piano.mid";4;2;363
1110;"./POP-FRANCE/Lettre à France - Michel Polnareff.mid";4;2;261
1111;"./POP-FRANCE/Yann Tiersen - Valse Amélie Poulain-piano.mid";4;2;343
1112;"./POP-FRANCE/Lucie - Pascal Obispo.mid";4;2;334
1113;"./SHOSTAKOVICH DMITRI/Fantastic-Dances-Opus-5-Nr-1.mid";1;3;115
1114;"./SHOSTAKOVICH DMITRI/Fantastic-Dances-Opus-5-Nr-3.mid";1;3;78
1115;"./SHOSTAKOVICH DMITRI/Fantastic-Dances-Opus-5-Nr-2.mid";2;3;106
1116;"./FUN/Happy Birthday - Chopin and Liszt style.mid";3;2;284
